,a,between,in,nor,some,upon,about,both,including,nothing,somebody,us,above,but,inside,of,someone,used,after,by,into,off,something,via,all,can,is,on,such,we,although,cos,it,once,than,what,am,do,its,one,that,whatever,among,down,latter,onto,the,when,an,each,less,opposite,their,where,and,either,like,or,them,whether,another,enough,little,our,these,which,any,every,lots,outside,they,while,anybody,everybody,many,over,this,who,anyone,everyone,me,own,those,whoever,anything,everything,more,past,though,whom,are,few,most,per,through,whose,around,following,much,plenty,till,will,as,for,must,plus,to,with,at,from,my,regarding,toward,within,be,have,near,same,towards,without,because,he,need,several,under,worth,before,her,neither,she,unless,would,behind,him,no,should,unlike,yes,below,i,nobody,since,until,you,beside,if,none,so,up,your,A,B,C,D,E,F,G,H,I,J,K,L,M,N,O,P,Q,R,S,T,U,V,W,X,Y,Z,word count,avg word length,avg sentence length - words,avg sentence length - chars,char count,uchar count,achar count,dig count,ws count,schar count,sword count,bword count,filename
0,11.0,0.0,3.0,0.0,0.0,0.0,1.0,0.0,0.0,0.0,0.0,0.0,0.0,6.0,0.0,17.0,0.0,5.0,0.0,2.0,1.0,0.0,0.0,0.0,0.0,3.0,10.0,2.0,0.0,0.0,0.0,0.0,5.0,0.0,2.0,3.0,0.0,0.0,0.0,1.0,4.0,0.0,0.0,0.0,0.0,0.0,36.0,2.0,0.0,0.0,0.0,0.0,4.0,0.0,9.0,0.0,0.0,4.0,2.0,0.0,0.0,0.0,0.0,0.0,1.0,1.0,0.0,2.0,0.0,0.0,3.0,0.0,0.0,0.0,4.0,4.0,7.0,0.0,0.0,0.0,0.0,0.0,0.0,0.0,0.0,0.0,3.0,0.0,0.0,0.0,4.0,1.0,1.0,0.0,1.0,0.0,0.0,0.0,2.0,0.0,0.0,1.0,0.0,3.0,0.0,0.0,22.0,2.0,2.0,4.0,0.0,0.0,0.0,0.0,8.0,2.0,0.0,0.0,0.0,0.0,1.0,0.0,1.0,1.0,0.0,0.0,0.0,0.0,0.0,0.0,0.0,4.0,0.0,0.0,1.0,0.0,0.0,0.0,0.0,0.0,0.0,1.0,0.0,0.0,0.0,3.0,0.0,0.0,2.0,0.0,192.0,39.0,66.0,94.0,315.0,58.0,36.0,123.0,133.0,0.0,21.0,109.0,68.0,132.0,175.0,45.0,4.0,175.0,157.0,251.0,91.0,40.0,33.0,10.0,54.0,0.0,503.0,4.813121272365805,20.958333333333332,100.875,2970.0,45.0,2421.0,0.0,511.0,549.0,271.0,232.0,aa_obfuscation.txt
1,16.0,0.0,12.0,0.0,0.0,0.0,2.0,0.0,0.0,0.0,0.0,0.0,0.0,4.0,0.0,7.0,0.0,1.0,0.0,2.0,1.0,1.0,1.0,0.0,1.0,2.0,18.0,3.0,0.0,1.0,0.0,0.0,14.0,0.0,1.0,1.0,0.0,7.0,0.0,0.0,3.0,0.0,0.0,1.0,0.0,0.0,26.0,3.0,2.0,0.0,0.0,0.0,1.0,3.0,10.0,0.0,6.0,0.0,1.0,0.0,0.0,0.0,0.0,0.0,0.0,2.0,0.0,1.0,1.0,0.0,5.0,0.0,0.0,0.0,0.0,0.0,0.0,2.0,0.0,0.0,2.0,0.0,0.0,0.0,0.0,0.0,1.0,1.0,1.0,0.0,7.0,0.0,2.0,0.0,0.0,0.0,1.0,0.0,0.0,0.0,0.0,0.0,0.0,4.0,0.0,0.0,22.0,1.0,0.0,2.0,6.0,0.0,0.0,0.0,2.0,4.0,1.0,0.0,0.0,0.0,3.0,0.0,0.0,0.0,0.0,0.0,0.0,0.0,0.0,0.0,0.0,2.0,0.0,0.0,0.0,1.0,0.0,0.0,0.0,7.0,0.0,1.0,0.0,13.0,0.0,3.0,0.0,3.0,0.0,0.0,131.0,36.0,45.0,58.0,250.0,31.0,30.0,120.0,140.0,1.0,24.0,98.0,49.0,93.0,183.0,49.0,0.0,112.0,117.0,175.0,51.0,20.0,34.0,2.0,54.0,0.0,487.0,3.9075975359342916,12.81578947368421,50.078947368421055,2486.0,60.0,1903.0,4.0,526.0,579.0,333.0,154.0,b_obfuscation.txt
2,16.0,0.0,15.0,0.0,2.0,0.0,1.0,1.0,0.0,0.0,0.0,0.0,1.0,3.0,0.0,9.0,0.0,0.0,0.0,3.0,1.0,0.0,0.0,0.0,2.0,0.0,0.0,4.0,0.0,8.0,1.0,0.0,4.0,1.0,1.0,0.0,0.0,0.0,1.0,2.0,5.0,0.0,0.0,2.0,0.0,0.0,37.0,2.0,1.0,0.0,0.0,0.0,0.0,0.0,19.0,0.0,1.0,4.0,0.0,0.0,0.0,0.0,0.0,3.0,0.0,0.0,1.0,1.0,0.0,0.0,2.0,0.0,0.0,0.0,1.0,0.0,0.0,0.0,0.0,1.0,0.0,0.0,1.0,0.0,2.0,0.0,2.0,0.0,0.0,0.0,0.0,1.0,1.0,0.0,0.0,0.0,0.0,0.0,1.0,0.0,0.0,0.0,2.0,2.0,0.0,0.0,10.0,9.0,2.0,3.0,5.0,0.0,0.0,0.0,0.0,0.0,0.0,1.0,0.0,1.0,0.0,2.0,0.0,0.0,0.0,0.0,0.0,0.0,0.0,0.0,0.0,2.0,0.0,0.0,3.0,0.0,0.0,0.0,0.0,5.0,0.0,0.0,0.0,6.0,0.0,2.0,0.0,0.0,2.0,0.0,173.0,34.0,60.0,106.0,234.0,31.0,35.0,118.0,115.0,1.0,17.0,102.0,44.0,130.0,185.0,34.0,0.0,134.0,113.0,175.0,50.0,20.0,71.0,2.0,51.0,0.0,491.0,4.144602851323829,16.366666666666667,67.83333333333333,2631.0,65.0,2035.0,22.0,515.0,574.0,322.0,169.0,bb_obfuscation.txt
3,8.0,1.0,8.0,1.0,1.0,0.0,2.0,0.0,0.0,0.0,0.0,0.0,0.0,2.0,0.0,12.0,0.0,0.0,1.0,1.0,0.0,0.0,0.0,0.0,0.0,0.0,16.0,7.0,1.0,0.0,1.0,0.0,2.0,0.0,2.0,0.0,2.0,3.0,1.0,1.0,4.0,0.0,0.0,1.0,0.0,0.0,33.0,0.0,0.0,0.0,0.0,0.0,0.0,0.0,16.0,1.0,0.0,4.0,0.0,0.0,0.0,0.0,0.0,0.0,0.0,2.0,1.0,0.0,0.0,0.0,2.0,1.0,0.0,0.0,4.0,0.0,7.0,3.0,0.0,0.0,0.0,0.0,7.0,0.0,0.0,1.0,3.0,0.0,0.0,0.0,12.0,2.0,4.0,0.0,0.0,0.0,0.0,0.0,0.0,0.0,0.0,0.0,2.0,5.0,0.0,1.0,9.0,2.0,0.0,2.0,1.0,0.0,0.0,0.0,2.0,5.0,0.0,0.0,1.0,0.0,1.0,0.0,0.0,0.0,0.0,0.0,0.0,0.0,0.0,0.0,0.0,1.0,0.0,0.0,0.0,0.0,0.0,0.0,0.0,3.0,0.0,1.0,0.0,0.0,0.0,0.0,0.0,0.0,0.0,0.0,216.0,32.0,84.0,80.0,286.0,46.0,40.0,125.0,169.0,6.0,12.0,132.0,42.0,151.0,187.0,54.0,1.0,146.0,159.0,193.0,56.0,25.0,26.0,0.0,41.0,0.0,481.0,4.8004158004158,17.814814814814813,85.51851851851852,2894.0,59.0,2309.0,21.0,495.0,564.0,257.0,224.0,c_obfuscation.txt
4,12.0,0.0,10.0,0.0,1.0,0.0,0.0,0.0,0.0,0.0,0.0,0.0,0.0,5.0,0.0,13.0,0.0,0.0,1.0,0.0,0.0,0.0,0.0,0.0,4.0,3.0,13.0,2.0,1.0,0.0,0.0,0.0,7.0,1.0,0.0,0.0,0.0,1.0,0.0,1.0,4.0,0.0,0.0,0.0,0.0,0.0,19.0,2.0,1.0,0.0,0.0,0.0,2.0,2.0,15.0,1.0,4.0,5.0,0.0,0.0,0.0,0.0,0.0,0.0,0.0,1.0,0.0,0.0,3.0,3.0,5.0,0.0,0.0,0.0,7.0,1.0,0.0,0.0,0.0,3.0,1.0,1.0,0.0,0.0,1.0,2.0,0.0,0.0,1.0,0.0,10.0,0.0,3.0,0.0,0.0,0.0,1.0,0.0,1.0,0.0,0.0,2.0,0.0,2.0,0.0,0.0,10.0,4.0,5.0,2.0,17.0,0.0,0.0,0.0,0.0,4.0,1.0,0.0,0.0,0.0,5.0,0.0,4.0,0.0,0.0,0.0,0.0,0.0,0.0,0.0,0.0,0.0,0.0,0.0,0.0,1.0,0.0,0.0,0.0,15.0,0.0,0.0,0.0,11.0,0.0,2.0,0.0,2.0,3.0,0.0,146.0,45.0,50.0,63.0,274.0,36.0,59.0,126.0,166.0,3.0,22.0,107.0,52.0,147.0,202.0,36.0,2.0,123.0,128.0,163.0,63.0,30.0,32.0,2.0,80.0,0.0,498.0,4.331325301204819,12.76923076923077,55.30769230769231,2730.0,47.0,2157.0,0.0,513.0,573.0,325.0,173.0,cc_obfuscation.txt
5,25.0,0.0,9.0,0.0,1.0,0.0,1.0,0.0,0.0,0.0,0.0,1.0,0.0,4.0,0.0,13.0,0.0,0.0,0.0,0.0,1.0,0.0,0.0,0.0,1.0,1.0,6.0,4.0,0.0,5.0,0.0,0.0,12.0,0.0,1.0,0.0,0.0,0.0,0.0,2.0,8.0,0.0,0.0,4.0,0.0,0.0,28.0,1.0,2.0,0.0,0.0,0.0,0.0,1.0,18.0,0.0,1.0,2.0,1.0,0.0,0.0,1.0,0.0,0.0,0.0,0.0,5.0,0.0,0.0,0.0,0.0,0.0,0.0,0.0,0.0,1.0,0.0,0.0,0.0,0.0,0.0,1.0,1.0,0.0,2.0,0.0,1.0,0.0,1.0,0.0,1.0,0.0,0.0,0.0,0.0,0.0,0.0,0.0,2.0,0.0,0.0,0.0,2.0,2.0,0.0,0.0,9.0,2.0,3.0,0.0,5.0,0.0,0.0,0.0,0.0,0.0,0.0,1.0,0.0,1.0,6.0,4.0,0.0,0.0,0.0,0.0,0.0,0.0,0.0,0.0,0.0,0.0,0.0,0.0,0.0,0.0,0.0,0.0,0.0,14.0,0.0,2.0,0.0,9.0,0.0,3.0,0.0,1.0,8.0,0.0,184.0,37.0,33.0,91.0,239.0,32.0,52.0,97.0,143.0,2.0,20.0,75.0,25.0,157.0,150.0,34.0,1.0,117.0,118.0,201.0,61.0,22.0,62.0,2.0,53.0,1.0,510.0,3.93921568627451,21.25,83.70833333333333,2577.0,40.0,2009.0,0.0,515.0,568.0,352.0,158.0,d_obfuscation.txt
6,18.0,0.0,11.0,0.0,3.0,0.0,1.0,0.0,0.0,0.0,0.0,1.0,0.0,2.0,0.0,16.0,0.0,0.0,0.0,1.0,0.0,1.0,0.0,0.0,3.0,3.0,8.0,5.0,0.0,2.0,2.0,0.0,7.0,0.0,1.0,0.0,1.0,1.0,0.0,4.0,14.0,0.0,1.0,1.0,0.0,0.0,18.0,1.0,2.0,0.0,0.0,0.0,1.0,1.0,4.0,0.0,0.0,0.0,0.0,0.0,0.0,0.0,0.0,0.0,0.0,0.0,0.0,0.0,0.0,1.0,1.0,0.0,0.0,0.0,7.0,0.0,1.0,2.0,1.0,0.0,3.0,1.0,0.0,0.0,0.0,0.0,1.0,0.0,1.0,0.0,6.0,1.0,1.0,0.0,0.0,0.0,0.0,0.0,1.0,1.0,0.0,0.0,2.0,7.0,0.0,0.0,13.0,7.0,2.0,2.0,2.0,0.0,0.0,1.0,2.0,3.0,0.0,2.0,0.0,1.0,3.0,0.0,2.0,0.0,0.0,0.0,0.0,0.0,0.0,0.0,0.0,1.0,0.0,0.0,2.0,0.0,0.0,0.0,0.0,17.0,0.0,0.0,0.0,2.0,0.0,2.0,0.0,5.0,7.0,3.0,155.0,33.0,46.0,50.0,287.0,42.0,38.0,95.0,139.0,0.0,22.0,91.0,44.0,145.0,175.0,54.0,2.0,131.0,115.0,199.0,55.0,33.0,60.0,4.0,64.0,5.0,491.0,4.244399185336049,18.185185185185187,77.18518518518519,2657.0,64.0,2084.0,0.0,500.0,573.0,315.0,176.0,dd_obfuscation.txt
7,9.0,0.0,17.0,0.0,2.0,0.0,0.0,0.0,2.0,0.0,0.0,1.0,1.0,3.0,0.0,21.0,0.0,0.0,2.0,2.0,1.0,0.0,0.0,0.0,2.0,2.0,15.0,1.0,0.0,4.0,0.0,0.0,5.0,0.0,0.0,0.0,1.0,0.0,0.0,3.0,2.0,0.0,0.0,0.0,0.0,0.0,34.0,0.0,1.0,0.0,0.0,0.0,0.0,0.0,12.0,0.0,0.0,0.0,1.0,0.0,0.0,1.0,0.0,0.0,1.0,5.0,0.0,0.0,0.0,0.0,1.0,1.0,0.0,0.0,4.0,0.0,2.0,0.0,0.0,0.0,1.0,0.0,0.0,0.0,0.0,0.0,0.0,0.0,2.0,0.0,4.0,0.0,2.0,0.0,0.0,0.0,0.0,0.0,2.0,0.0,0.0,0.0,7.0,5.0,0.0,0.0,6.0,1.0,1.0,3.0,3.0,0.0,0.0,1.0,1.0,2.0,0.0,1.0,0.0,0.0,2.0,0.0,0.0,0.0,0.0,0.0,0.0,0.0,0.0,0.0,0.0,0.0,0.0,0.0,0.0,0.0,0.0,0.0,0.0,5.0,0.0,0.0,0.0,3.0,0.0,0.0,0.0,1.0,0.0,0.0,184.0,23.0,77.0,50.0,310.0,50.0,51.0,115.0,160.0,6.0,11.0,79.0,56.0,158.0,162.0,37.0,1.0,134.0,152.0,219.0,54.0,17.0,52.0,0.0,35.0,1.0,476.0,4.609243697478991,18.307692307692307,84.38461538461539,2791.0,72.0,2194.0,6.0,508.0,591.0,285.0,191.0,e_obfuscation.txt
8,15.0,0.0,10.0,0.0,0.0,0.0,2.0,0.0,0.0,0.0,0.0,1.0,0.0,2.0,0.0,6.0,0.0,4.0,0.0,2.0,1.0,0.0,1.0,0.0,3.0,2.0,21.0,4.0,0.0,14.0,0.0,0.0,12.0,0.0,0.0,0.0,0.0,1.0,0.0,2.0,10.0,0.0,0.0,2.0,0.0,0.0,21.0,0.0,1.0,1.0,0.0,0.0,0.0,4.0,22.0,0.0,0.0,1.0,0.0,0.0,1.0,0.0,0.0,0.0,0.0,0.0,0.0,1.0,1.0,0.0,0.0,0.0,0.0,0.0,4.0,0.0,2.0,1.0,0.0,1.0,0.0,0.0,0.0,0.0,0.0,1.0,0.0,0.0,0.0,0.0,6.0,0.0,0.0,0.0,0.0,0.0,0.0,0.0,0.0,0.0,0.0,0.0,2.0,1.0,0.0,0.0,13.0,4.0,0.0,0.0,6.0,0.0,0.0,0.0,3.0,3.0,0.0,0.0,0.0,0.0,1.0,1.0,0.0,0.0,0.0,0.0,0.0,0.0,0.0,0.0,0.0,3.0,0.0,1.0,0.0,2.0,0.0,0.0,0.0,16.0,0.0,0.0,0.0,6.0,0.0,1.0,0.0,4.0,3.0,0.0,138.0,38.0,37.0,82.0,229.0,28.0,45.0,120.0,140.0,1.0,16.0,81.0,36.0,113.0,171.0,25.0,0.0,101.0,106.0,165.0,38.0,27.0,47.0,0.0,63.0,0.0,481.0,3.8399168399168397,12.333333333333334,47.35897435897436,2388.0,48.0,1847.0,0.0,484.0,541.0,338.0,143.0,f_obfuscation.txt
9,15.0,0.0,4.0,0.0,6.0,0.0,2.0,0.0,0.0,0.0,0.0,0.0,0.0,2.0,0.0,10.0,0.0,1.0,0.0,2.0,0.0,0.0,0.0,0.0,3.0,3.0,4.0,2.0,0.0,7.0,0.0,0.0,6.0,1.0,1.0,2.0,0.0,2.0,0.0,4.0,13.0,0.0,0.0,1.0,0.0,0.0,20.0,3.0,1.0,0.0,0.0,0.0,1.0,0.0,12.0,0.0,0.0,2.0,2.0,0.0,0.0,0.0,2.0,1.0,3.0,0.0,1.0,1.0,0.0,0.0,4.0,1.0,0.0,3.0,0.0,2.0,3.0,1.0,0.0,0.0,1.0,0.0,2.0,0.0,0.0,1.0,1.0,0.0,2.0,0.0,3.0,0.0,0.0,0.0,0.0,0.0,5.0,0.0,2.0,0.0,0.0,0.0,2.0,14.0,0.0,0.0,17.0,6.0,2.0,1.0,2.0,0.0,0.0,0.0,2.0,0.0,0.0,0.0,0.0,0.0,0.0,1.0,0.0,0.0,0.0,0.0,0.0,1.0,0.0,2.0,1.0,1.0,0.0,0.0,0.0,0.0,0.0,0.0,0.0,7.0,0.0,1.0,0.0,18.0,0.0,2.0,0.0,4.0,3.0,1.0,143.0,40.0,40.0,71.0,256.0,46.0,74.0,125.0,108.0,8.0,26.0,89.0,39.0,131.0,189.0,31.0,0.0,120.0,109.0,223.0,74.0,19.0,51.0,2.0,77.0,1.0,523.0,4.0,14.527777777777779,58.111111111111114,2739.0,45.0,2092.0,0.0,571.0,647.0,362.0,161.0,ff_obfuscation.txt
10,6.0,0.0,10.0,0.0,4.0,0.0,0.0,0.0,0.0,0.0,0.0,0.0,0.0,2.0,0.0,8.0,0.0,0.0,2.0,0.0,0.0,1.0,0.0,0.0,3.0,2.0,15.0,6.0,0.0,0.0,0.0,0.0,10.0,0.0,0.0,4.0,0.0,3.0,0.0,2.0,10.0,0.0,0.0,0.0,0.0,1.0,44.0,11.0,0.0,5.0,0.0,0.0,2.0,1.0,7.0,0.0,2.0,0.0,0.0,0.0,1.0,1.0,2.0,0.0,0.0,0.0,0.0,0.0,0.0,0.0,4.0,1.0,0.0,0.0,3.0,0.0,0.0,1.0,0.0,0.0,1.0,0.0,0.0,0.0,0.0,0.0,0.0,0.0,0.0,0.0,20.0,0.0,0.0,0.0,0.0,0.0,0.0,0.0,0.0,0.0,0.0,2.0,0.0,1.0,0.0,0.0,5.0,2.0,1.0,0.0,8.0,0.0,0.0,0.0,1.0,0.0,0.0,0.0,0.0,0.0,0.0,1.0,0.0,0.0,0.0,0.0,0.0,0.0,0.0,0.0,0.0,5.0,0.0,0.0,1.0,0.0,0.0,0.0,0.0,11.0,0.0,0.0,0.0,4.0,0.0,0.0,0.0,0.0,0.0,0.0,133.0,20.0,28.0,60.0,300.0,28.0,41.0,146.0,118.0,0.0,17.0,88.0,52.0,99.0,156.0,16.0,3.0,136.0,147.0,216.0,35.0,11.0,54.0,0.0,39.0,0.0,474.0,4.09915611814346,8.31578947368421,34.08771929824562,2540.0,63.0,1943.0,0.0,537.0,597.0,316.0,158.0,g_obfuscation.txt
11,9.0,0.0,8.0,0.0,8.0,0.0,1.0,1.0,0.0,0.0,0.0,0.0,0.0,4.0,0.0,18.0,0.0,0.0,1.0,3.0,0.0,0.0,0.0,0.0,0.0,0.0,10.0,6.0,0.0,1.0,0.0,0.0,0.0,0.0,1.0,1.0,2.0,1.0,1.0,3.0,11.0,0.0,0.0,2.0,0.0,0.0,28.0,0.0,2.0,0.0,0.0,0.0,3.0,0.0,13.0,0.0,2.0,3.0,3.0,0.0,0.0,0.0,0.0,1.0,2.0,2.0,0.0,0.0,0.0,0.0,14.0,1.0,0.0,0.0,9.0,1.0,3.0,0.0,0.0,0.0,0.0,0.0,2.0,0.0,0.0,0.0,1.0,0.0,0.0,0.0,12.0,0.0,1.0,0.0,0.0,0.0,1.0,0.0,0.0,0.0,0.0,1.0,1.0,1.0,0.0,0.0,8.0,3.0,6.0,2.0,5.0,0.0,0.0,0.0,1.0,3.0,0.0,0.0,0.0,0.0,0.0,0.0,0.0,1.0,0.0,0.0,1.0,0.0,0.0,0.0,0.0,0.0,0.0,0.0,2.0,0.0,0.0,0.0,0.0,6.0,0.0,0.0,0.0,0.0,0.0,1.0,1.0,1.0,1.0,0.0,148.0,38.0,41.0,74.0,325.0,33.0,39.0,139.0,127.0,2.0,20.0,106.0,67.0,137.0,152.0,36.0,2.0,137.0,148.0,221.0,55.0,21.0,22.0,2.0,57.0,1.0,483.0,4.451345755693581,12.384615384615385,55.12820512820513,2700.0,47.0,2150.0,2.0,500.0,548.0,297.0,186.0,gg_obfuscation.txt
12,16.0,0.0,11.0,0.0,1.0,0.0,2.0,1.0,0.0,0.0,0.0,0.0,0.0,2.0,0.0,11.0,0.0,0.0,0.0,1.0,0.0,1.0,0.0,0.0,2.0,0.0,26.0,5.0,0.0,4.0,0.0,0.0,14.0,0.0,1.0,0.0,0.0,2.0,0.0,1.0,3.0,0.0,0.0,0.0,0.0,0.0,19.0,1.0,1.0,0.0,0.0,0.0,2.0,0.0,7.0,0.0,2.0,0.0,2.0,0.0,1.0,0.0,0.0,1.0,0.0,0.0,0.0,0.0,0.0,0.0,3.0,0.0,0.0,0.0,7.0,1.0,1.0,2.0,0.0,0.0,3.0,0.0,0.0,0.0,0.0,0.0,1.0,0.0,4.0,0.0,15.0,0.0,1.0,0.0,0.0,0.0,1.0,0.0,1.0,0.0,0.0,0.0,1.0,3.0,0.0,0.0,12.0,3.0,1.0,1.0,12.0,0.0,0.0,0.0,1.0,3.0,3.0,0.0,0.0,0.0,4.0,0.0,0.0,0.0,0.0,0.0,0.0,0.0,1.0,0.0,0.0,0.0,0.0,0.0,0.0,0.0,0.0,0.0,0.0,9.0,0.0,0.0,0.0,1.0,0.0,0.0,0.0,2.0,0.0,0.0,170.0,37.0,40.0,65.0,256.0,34.0,41.0,102.0,142.0,1.0,21.0,72.0,57.0,146.0,171.0,35.0,3.0,142.0,134.0,170.0,54.0,22.0,31.0,2.0,46.0,6.0,493.0,4.056795131845842,8.649122807017545,35.08771929824562,2630.0,108.0,2000.0,5.0,555.0,625.0,326.0,167.0,h_obfuscation.txt
13,20.0,1.0,13.0,0.0,0.0,0.0,0.0,0.0,0.0,0.0,0.0,0.0,0.0,0.0,1.0,8.0,0.0,0.0,0.0,1.0,2.0,0.0,0.0,0.0,0.0,0.0,8.0,5.0,0.0,5.0,0.0,0.0,6.0,0.0,0.0,1.0,2.0,0.0,0.0,0.0,5.0,0.0,0.0,1.0,0.0,0.0,30.0,3.0,0.0,0.0,0.0,0.0,3.0,1.0,17.0,0.0,2.0,0.0,1.0,0.0,0.0,0.0,0.0,1.0,0.0,1.0,0.0,1.0,0.0,0.0,3.0,0.0,0.0,0.0,0.0,1.0,0.0,1.0,0.0,0.0,3.0,0.0,1.0,0.0,0.0,0.0,0.0,0.0,0.0,0.0,1.0,0.0,3.0,0.0,0.0,0.0,1.0,0.0,1.0,0.0,0.0,1.0,1.0,2.0,0.0,0.0,10.0,5.0,3.0,0.0,15.0,0.0,0.0,0.0,1.0,1.0,0.0,0.0,0.0,0.0,0.0,0.0,0.0,0.0,0.0,0.0,0.0,0.0,0.0,0.0,0.0,5.0,0.0,0.0,1.0,0.0,0.0,0.0,0.0,16.0,0.0,0.0,0.0,2.0,0.0,0.0,0.0,0.0,1.0,0.0,157.0,29.0,67.0,92.0,211.0,41.0,26.0,119.0,134.0,1.0,16.0,102.0,66.0,123.0,181.0,30.0,0.0,129.0,123.0,169.0,47.0,16.0,58.0,0.0,50.0,2.0,476.0,4.178571428571429,9.714285714285714,40.59183673469388,2593.0,69.0,1989.0,6.0,527.0,598.0,291.0,185.0,hh_obfuscation.txt
14,11.0,0.0,15.0,0.0,1.0,0.0,0.0,0.0,0.0,0.0,0.0,0.0,0.0,1.0,0.0,15.0,0.0,0.0,0.0,1.0,1.0,0.0,0.0,0.0,1.0,6.0,21.0,2.0,0.0,1.0,0.0,0.0,16.0,0.0,0.0,0.0,1.0,1.0,0.0,2.0,2.0,0.0,0.0,0.0,0.0,0.0,27.0,1.0,2.0,0.0,0.0,0.0,3.0,0.0,15.0,0.0,2.0,1.0,0.0,0.0,0.0,0.0,0.0,1.0,0.0,0.0,0.0,0.0,0.0,0.0,6.0,0.0,0.0,0.0,1.0,0.0,0.0,2.0,1.0,1.0,5.0,0.0,0.0,0.0,1.0,0.0,0.0,0.0,1.0,0.0,9.0,0.0,0.0,0.0,0.0,0.0,0.0,0.0,2.0,1.0,0.0,1.0,2.0,2.0,0.0,0.0,10.0,2.0,4.0,3.0,15.0,0.0,0.0,0.0,3.0,5.0,0.0,2.0,0.0,0.0,2.0,0.0,0.0,0.0,0.0,0.0,0.0,1.0,0.0,0.0,0.0,0.0,0.0,0.0,0.0,0.0,1.0,0.0,0.0,14.0,0.0,0.0,1.0,2.0,0.0,0.0,0.0,5.0,0.0,0.0,164.0,35.0,59.0,64.0,243.0,43.0,40.0,115.0,166.0,0.0,27.0,86.0,75.0,130.0,185.0,36.0,0.0,133.0,139.0,177.0,52.0,20.0,23.0,1.0,58.0,1.0,499.0,4.152304609218437,11.604651162790697,48.18604651162791,2667.0,56.0,2072.0,3.0,505.0,592.0,330.0,169.0,i_obfuscation.txt
15,9.0,0.0,16.0,0.0,5.0,0.0,2.0,0.0,0.0,0.0,0.0,1.0,0.0,4.0,0.0,13.0,0.0,1.0,0.0,4.0,5.0,0.0,0.0,0.0,3.0,1.0,2.0,8.0,0.0,2.0,0.0,0.0,9.0,2.0,0.0,0.0,0.0,0.0,0.0,2.0,8.0,0.0,0.0,2.0,0.0,0.0,30.0,2.0,0.0,1.0,0.0,0.0,13.0,1.0,14.0,1.0,2.0,9.0,4.0,0.0,1.0,0.0,2.0,2.0,0.0,1.0,0.0,1.0,0.0,1.0,4.0,0.0,0.0,0.0,4.0,0.0,1.0,1.0,1.0,1.0,1.0,0.0,0.0,0.0,0.0,0.0,0.0,0.0,1.0,0.0,9.0,1.0,2.0,0.0,1.0,0.0,1.0,0.0,1.0,0.0,0.0,1.0,3.0,1.0,0.0,0.0,9.0,1.0,1.0,2.0,6.0,0.0,0.0,0.0,4.0,6.0,2.0,1.0,0.0,0.0,1.0,0.0,0.0,0.0,0.0,0.0,0.0,1.0,0.0,0.0,0.0,1.0,0.0,0.0,0.0,0.0,0.0,0.0,0.0,11.0,0.0,1.0,0.0,0.0,0.0,0.0,0.0,3.0,2.0,0.0,146.0,40.0,51.0,87.0,286.0,36.0,43.0,148.0,157.0,1.0,20.0,84.0,53.0,159.0,206.0,43.0,0.0,145.0,131.0,206.0,55.0,26.0,32.0,0.0,46.0,0.0,506.0,4.349802371541502,18.74074074074074,81.51851851851852,2780.0,34.0,2201.0,0.0,522.0,579.0,310.0,196.0,ii_obfuscation.txt
16,12.0,0.0,8.0,0.0,1.0,0.0,2.0,1.0,0.0,0.0,0.0,0.0,0.0,5.0,0.0,8.0,0.0,1.0,0.0,1.0,1.0,0.0,1.0,0.0,1.0,0.0,1.0,2.0,0.0,2.0,0.0,0.0,5.0,0.0,0.0,5.0,0.0,3.0,0.0,2.0,6.0,1.0,0.0,4.0,0.0,0.0,13.0,2.0,1.0,0.0,0.0,0.0,1.0,0.0,17.0,1.0,0.0,2.0,6.0,0.0,0.0,1.0,3.0,1.0,0.0,0.0,0.0,0.0,0.0,1.0,11.0,0.0,0.0,0.0,0.0,0.0,1.0,0.0,1.0,0.0,9.0,0.0,1.0,0.0,0.0,2.0,1.0,0.0,2.0,0.0,2.0,2.0,0.0,0.0,1.0,0.0,1.0,0.0,3.0,0.0,0.0,0.0,0.0,3.0,1.0,0.0,28.0,0.0,2.0,0.0,11.0,0.0,0.0,0.0,1.0,3.0,0.0,0.0,0.0,0.0,1.0,0.0,0.0,0.0,0.0,0.0,2.0,0.0,0.0,0.0,0.0,2.0,0.0,0.0,1.0,0.0,0.0,0.0,0.0,35.0,0.0,0.0,0.0,4.0,0.0,0.0,0.0,7.0,6.0,1.0,119.0,26.0,33.0,100.0,228.0,26.0,48.0,107.0,126.0,2.0,25.0,61.0,52.0,108.0,179.0,23.0,0.0,87.0,92.0,194.0,56.0,21.0,64.0,4.0,46.0,1.0,495.0,3.6929292929292927,21.52173913043478,79.47826086956522,2378.0,58.0,1828.0,0.0,499.0,550.0,354.0,141.0,j_obfuscation.txt
17,12.0,0.0,7.0,0.0,0.0,0.0,2.0,0.0,0.0,2.0,0.0,4.0,0.0,3.0,0.0,7.0,0.0,0.0,1.0,3.0,1.0,1.0,0.0,0.0,10.0,5.0,6.0,4.0,0.0,17.0,0.0,0.0,9.0,2.0,0.0,1.0,0.0,2.0,0.0,3.0,5.0,0.0,0.0,3.0,0.0,0.0,29.0,3.0,1.0,0.0,0.0,0.0,0.0,1.0,13.0,1.0,2.0,1.0,3.0,0.0,0.0,0.0,2.0,3.0,0.0,1.0,2.0,1.0,1.0,0.0,1.0,0.0,0.0,0.0,0.0,1.0,1.0,1.0,0.0,0.0,1.0,1.0,3.0,0.0,1.0,0.0,2.0,0.0,2.0,0.0,1.0,0.0,0.0,0.0,0.0,0.0,5.0,0.0,0.0,0.0,0.0,2.0,0.0,5.0,0.0,0.0,13.0,2.0,3.0,2.0,4.0,0.0,0.0,0.0,1.0,3.0,0.0,1.0,0.0,0.0,1.0,3.0,1.0,0.0,0.0,0.0,0.0,0.0,0.0,2.0,0.0,1.0,0.0,3.0,3.0,0.0,0.0,0.0,0.0,5.0,0.0,0.0,0.0,6.0,0.0,2.0,0.0,1.0,2.0,2.0,141.0,34.0,50.0,61.0,242.0,44.0,31.0,110.0,106.0,7.0,19.0,100.0,45.0,122.0,169.0,33.0,0.0,110.0,92.0,185.0,56.0,20.0,52.0,3.0,54.0,2.0,475.0,3.9747368421052633,20.652173913043477,82.08695652173913,2435.0,32.0,1888.0,3.0,487.0,544.0,327.0,148.0,jj_obfuscation.txt
18,26.0,0.0,4.0,0.0,2.0,0.0,0.0,0.0,0.0,0.0,0.0,1.0,0.0,6.0,0.0,21.0,0.0,0.0,0.0,2.0,0.0,1.0,0.0,0.0,9.0,2.0,7.0,6.0,0.0,1.0,0.0,0.0,8.0,0.0,0.0,1.0,0.0,1.0,2.0,5.0,7.0,0.0,0.0,1.0,0.0,0.0,33.0,1.0,1.0,1.0,0.0,0.0,2.0,2.0,12.0,0.0,2.0,2.0,1.0,0.0,0.0,1.0,4.0,2.0,1.0,2.0,1.0,0.0,0.0,0.0,3.0,1.0,0.0,0.0,0.0,0.0,5.0,0.0,0.0,2.0,0.0,2.0,1.0,0.0,0.0,0.0,0.0,0.0,3.0,0.0,7.0,0.0,0.0,0.0,2.0,0.0,3.0,0.0,0.0,2.0,0.0,0.0,2.0,3.0,1.0,0.0,8.0,4.0,1.0,4.0,1.0,0.0,0.0,1.0,2.0,2.0,0.0,1.0,0.0,0.0,0.0,0.0,0.0,0.0,0.0,0.0,0.0,0.0,0.0,0.0,0.0,0.0,0.0,0.0,2.0,0.0,0.0,0.0,0.0,1.0,1.0,1.0,0.0,4.0,0.0,0.0,0.0,1.0,0.0,0.0,165.0,47.0,50.0,86.0,283.0,42.0,46.0,131.0,135.0,0.0,18.0,123.0,46.0,134.0,196.0,47.0,4.0,139.0,150.0,210.0,76.0,21.0,32.0,5.0,44.0,1.0,496.0,4.497983870967742,15.030303030303031,67.60606060606061,2829.0,39.0,2231.0,6.0,503.0,592.0,293.0,203.0,k_obfuscation.txt
19,17.0,0.0,13.0,0.0,0.0,0.0,0.0,0.0,0.0,0.0,0.0,0.0,0.0,1.0,0.0,14.0,0.0,0.0,0.0,1.0,0.0,0.0,0.0,0.0,0.0,0.0,9.0,6.0,0.0,0.0,0.0,0.0,2.0,0.0,0.0,0.0,0.0,0.0,0.0,2.0,1.0,0.0,0.0,1.0,0.0,0.0,32.0,1.0,3.0,1.0,0.0,0.0,2.0,0.0,16.0,0.0,0.0,4.0,0.0,0.0,0.0,0.0,0.0,3.0,0.0,3.0,1.0,3.0,0.0,1.0,3.0,1.0,0.0,0.0,3.0,0.0,1.0,2.0,0.0,0.0,0.0,0.0,0.0,0.0,0.0,0.0,1.0,1.0,0.0,0.0,8.0,0.0,3.0,0.0,0.0,1.0,0.0,0.0,1.0,0.0,0.0,0.0,2.0,5.0,0.0,0.0,9.0,3.0,2.0,1.0,3.0,0.0,0.0,1.0,1.0,4.0,0.0,0.0,0.0,0.0,0.0,0.0,0.0,0.0,0.0,0.0,0.0,0.0,0.0,0.0,0.0,0.0,0.0,0.0,1.0,0.0,0.0,0.0,0.0,1.0,0.0,0.0,0.0,0.0,0.0,1.0,0.0,0.0,1.0,0.0,175.0,30.0,88.0,98.0,292.0,56.0,49.0,120.0,175.0,1.0,15.0,82.0,50.0,163.0,209.0,34.0,1.0,163.0,168.0,185.0,55.0,24.0,35.0,4.0,51.0,2.0,473.0,4.915433403805497,12.447368421052632,61.18421052631579,2926.0,47.0,2325.0,12.0,521.0,589.0,251.0,222.0,kk_obfuscation.txt
20,14.0,0.0,4.0,0.0,2.0,0.0,1.0,0.0,0.0,0.0,0.0,0.0,0.0,5.0,0.0,11.0,0.0,1.0,0.0,0.0,0.0,1.0,0.0,0.0,6.0,1.0,12.0,5.0,0.0,5.0,0.0,0.0,8.0,1.0,0.0,0.0,0.0,1.0,0.0,2.0,4.0,0.0,0.0,7.0,0.0,0.0,37.0,5.0,0.0,1.0,0.0,0.0,3.0,0.0,26.0,0.0,3.0,1.0,3.0,0.0,0.0,1.0,0.0,0.0,0.0,1.0,0.0,0.0,0.0,0.0,2.0,0.0,0.0,0.0,1.0,1.0,1.0,5.0,0.0,0.0,0.0,4.0,1.0,0.0,0.0,1.0,0.0,0.0,0.0,0.0,4.0,1.0,1.0,0.0,2.0,1.0,2.0,0.0,0.0,0.0,0.0,0.0,0.0,1.0,0.0,0.0,13.0,3.0,1.0,2.0,14.0,0.0,1.0,0.0,0.0,2.0,0.0,2.0,0.0,0.0,1.0,2.0,0.0,1.0,0.0,0.0,1.0,2.0,0.0,6.0,0.0,1.0,0.0,0.0,0.0,0.0,0.0,0.0,0.0,9.0,0.0,0.0,1.0,0.0,0.0,0.0,1.0,1.0,3.0,0.0,144.0,37.0,45.0,87.0,268.0,32.0,38.0,131.0,113.0,1.0,36.0,83.0,47.0,134.0,162.0,24.0,2.0,108.0,123.0,176.0,42.0,12.0,58.0,4.0,41.0,0.0,494.0,3.9433198380566803,17.03448275862069,67.17241379310344,2517.0,38.0,1948.0,0.0,497.0,569.0,349.0,145.0,l_obfuscation.txt
21,13.0,0.0,14.0,0.0,2.0,0.0,1.0,0.0,0.0,0.0,0.0,2.0,0.0,5.0,0.0,14.0,0.0,0.0,1.0,1.0,0.0,0.0,0.0,0.0,5.0,1.0,17.0,2.0,1.0,4.0,0.0,0.0,8.0,0.0,0.0,0.0,1.0,1.0,0.0,4.0,5.0,0.0,0.0,0.0,0.0,0.0,18.0,1.0,0.0,0.0,0.0,0.0,0.0,1.0,14.0,0.0,1.0,2.0,1.0,0.0,0.0,0.0,0.0,2.0,0.0,0.0,3.0,1.0,0.0,0.0,0.0,0.0,0.0,0.0,1.0,0.0,3.0,0.0,0.0,0.0,2.0,0.0,0.0,0.0,0.0,0.0,0.0,0.0,1.0,0.0,7.0,0.0,1.0,0.0,1.0,0.0,5.0,0.0,0.0,0.0,0.0,2.0,4.0,1.0,0.0,1.0,11.0,2.0,1.0,2.0,17.0,0.0,0.0,0.0,3.0,2.0,1.0,0.0,0.0,0.0,2.0,0.0,0.0,0.0,0.0,0.0,0.0,0.0,0.0,0.0,0.0,0.0,0.0,0.0,1.0,0.0,0.0,0.0,0.0,15.0,1.0,1.0,0.0,3.0,0.0,0.0,0.0,5.0,1.0,1.0,181.0,57.0,46.0,75.0,212.0,34.0,59.0,101.0,166.0,5.0,29.0,110.0,70.0,149.0,190.0,35.0,1.0,127.0,122.0,154.0,54.0,16.0,40.0,2.0,62.0,2.0,496.0,4.231854838709677,12.097560975609756,51.19512195121951,2686.0,71.0,2099.0,0.0,501.0,587.0,324.0,172.0,ll_obfuscation.txt
22,13.0,0.0,12.0,0.0,4.0,0.0,1.0,0.0,1.0,0.0,2.0,0.0,0.0,4.0,0.0,17.0,0.0,0.0,0.0,2.0,1.0,0.0,0.0,0.0,2.0,1.0,2.0,1.0,1.0,0.0,1.0,0.0,11.0,0.0,2.0,0.0,0.0,2.0,1.0,2.0,3.0,0.0,0.0,2.0,0.0,0.0,24.0,3.0,2.0,0.0,1.0,0.0,1.0,0.0,10.0,0.0,1.0,1.0,2.0,0.0,0.0,1.0,0.0,0.0,2.0,1.0,0.0,0.0,1.0,0.0,10.0,0.0,0.0,0.0,3.0,0.0,5.0,1.0,0.0,0.0,0.0,0.0,0.0,0.0,0.0,1.0,1.0,0.0,0.0,0.0,10.0,0.0,2.0,0.0,0.0,0.0,2.0,0.0,1.0,0.0,0.0,0.0,4.0,2.0,1.0,0.0,10.0,2.0,3.0,1.0,0.0,0.0,0.0,1.0,1.0,5.0,0.0,0.0,0.0,0.0,2.0,0.0,0.0,0.0,0.0,0.0,2.0,0.0,0.0,0.0,0.0,1.0,0.0,0.0,0.0,0.0,0.0,0.0,0.0,3.0,0.0,0.0,0.0,5.0,0.0,2.0,1.0,2.0,0.0,2.0,167.0,42.0,49.0,60.0,280.0,42.0,29.0,112.0,119.0,0.0,23.0,97.0,47.0,130.0,176.0,42.0,1.0,131.0,145.0,196.0,54.0,13.0,54.0,1.0,53.0,0.0,480.0,4.297916666666667,15.0,64.46875,2627.0,39.0,2063.0,4.0,484.0,560.0,314.0,166.0,m_obfuscation.txt
23,11.0,0.0,2.0,0.0,1.0,0.0,2.0,0.0,0.0,0.0,0.0,0.0,0.0,4.0,0.0,12.0,0.0,0.0,0.0,2.0,0.0,0.0,0.0,0.0,4.0,3.0,8.0,3.0,0.0,3.0,0.0,0.0,8.0,0.0,0.0,0.0,0.0,2.0,7.0,3.0,17.0,1.0,0.0,0.0,0.0,0.0,20.0,1.0,0.0,0.0,0.0,0.0,2.0,4.0,15.0,0.0,7.0,3.0,1.0,0.0,0.0,1.0,0.0,0.0,0.0,1.0,0.0,0.0,0.0,0.0,1.0,2.0,0.0,0.0,3.0,0.0,11.0,0.0,0.0,0.0,0.0,0.0,0.0,0.0,0.0,0.0,0.0,0.0,2.0,0.0,4.0,0.0,0.0,0.0,0.0,0.0,5.0,0.0,1.0,0.0,0.0,0.0,2.0,0.0,0.0,0.0,14.0,2.0,1.0,2.0,3.0,0.0,0.0,0.0,2.0,7.0,0.0,0.0,0.0,0.0,5.0,0.0,2.0,0.0,0.0,0.0,0.0,0.0,0.0,0.0,0.0,1.0,0.0,0.0,0.0,0.0,0.0,0.0,0.0,24.0,0.0,0.0,0.0,1.0,0.0,1.0,0.0,6.0,0.0,0.0,159.0,38.0,44.0,55.0,256.0,35.0,44.0,119.0,129.0,4.0,20.0,95.0,41.0,103.0,168.0,16.0,0.0,102.0,126.0,216.0,41.0,18.0,41.0,1.0,46.0,0.0,490.0,3.9122448979591837,18.846153846153847,73.73076923076923,2490.0,49.0,1917.0,0.0,497.0,573.0,329.0,161.0,mm_obfuscation.txt
24,12.0,0.0,6.0,0.0,0.0,0.0,1.0,0.0,0.0,0.0,0.0,0.0,0.0,3.0,0.0,13.0,0.0,0.0,2.0,2.0,1.0,1.0,1.0,0.0,3.0,1.0,0.0,6.0,0.0,0.0,0.0,0.0,4.0,0.0,1.0,0.0,0.0,0.0,0.0,0.0,7.0,0.0,0.0,2.0,0.0,0.0,38.0,0.0,1.0,2.0,0.0,0.0,3.0,1.0,14.0,0.0,1.0,3.0,1.0,0.0,0.0,0.0,4.0,1.0,1.0,0.0,4.0,2.0,0.0,0.0,7.0,0.0,0.0,0.0,0.0,1.0,3.0,2.0,0.0,0.0,1.0,0.0,0.0,0.0,1.0,0.0,0.0,0.0,0.0,0.0,0.0,2.0,1.0,0.0,0.0,0.0,4.0,0.0,1.0,0.0,0.0,0.0,2.0,3.0,1.0,0.0,8.0,4.0,0.0,2.0,0.0,0.0,0.0,0.0,3.0,3.0,0.0,0.0,0.0,0.0,0.0,0.0,0.0,0.0,0.0,0.0,0.0,1.0,0.0,0.0,0.0,5.0,1.0,0.0,2.0,0.0,0.0,0.0,0.0,6.0,0.0,0.0,0.0,8.0,0.0,4.0,1.0,0.0,3.0,1.0,174.0,47.0,50.0,112.0,287.0,43.0,38.0,136.0,119.0,3.0,25.0,94.0,44.0,126.0,160.0,34.0,1.0,137.0,134.0,195.0,60.0,24.0,57.0,1.0,55.0,1.0,488.0,4.420081967213115,17.428571428571427,77.03571428571429,2740.0,41.0,2157.0,0.0,495.0,583.0,295.0,193.0,n_obfuscation.txt
25,28.0,0.0,9.0,0.0,1.0,0.0,1.0,0.0,0.0,0.0,0.0,0.0,0.0,6.0,0.0,9.0,0.0,3.0,1.0,1.0,0.0,0.0,0.0,0.0,4.0,1.0,11.0,4.0,0.0,5.0,0.0,0.0,11.0,0.0,0.0,0.0,0.0,1.0,0.0,3.0,9.0,0.0,0.0,5.0,0.0,0.0,17.0,0.0,0.0,0.0,0.0,0.0,1.0,1.0,7.0,0.0,2.0,1.0,4.0,0.0,0.0,0.0,5.0,0.0,0.0,0.0,1.0,0.0,0.0,0.0,4.0,0.0,0.0,0.0,1.0,0.0,1.0,0.0,1.0,1.0,1.0,0.0,0.0,0.0,0.0,0.0,3.0,0.0,3.0,0.0,8.0,1.0,2.0,0.0,0.0,0.0,0.0,0.0,0.0,0.0,0.0,0.0,4.0,1.0,0.0,0.0,8.0,2.0,0.0,6.0,12.0,0.0,0.0,0.0,4.0,5.0,0.0,0.0,0.0,0.0,5.0,2.0,0.0,1.0,0.0,0.0,0.0,1.0,0.0,5.0,0.0,2.0,0.0,0.0,0.0,0.0,0.0,0.0,0.0,21.0,0.0,1.0,0.0,2.0,0.0,1.0,0.0,2.0,2.0,0.0,139.0,36.0,31.0,59.0,282.0,40.0,32.0,114.0,148.0,2.0,21.0,83.0,53.0,123.0,171.0,34.0,0.0,124.0,123.0,190.0,41.0,29.0,46.0,1.0,55.0,1.0,502.0,3.9402390438247012,10.91304347826087,43.0,2576.0,61.0,1978.0,0.0,513.0,598.0,349.0,153.0,nn_obfuscation.txt
26,16.0,0.0,9.0,0.0,1.0,0.0,1.0,0.0,0.0,0.0,0.0,0.0,0.0,2.0,0.0,19.0,0.0,0.0,0.0,1.0,0.0,2.0,0.0,0.0,3.0,2.0,16.0,2.0,0.0,1.0,1.0,0.0,9.0,1.0,1.0,3.0,0.0,2.0,1.0,4.0,13.0,0.0,0.0,0.0,0.0,0.0,20.0,1.0,1.0,0.0,0.0,0.0,0.0,1.0,15.0,0.0,4.0,4.0,1.0,0.0,1.0,0.0,1.0,0.0,0.0,0.0,0.0,0.0,1.0,0.0,0.0,1.0,0.0,0.0,2.0,1.0,3.0,0.0,0.0,0.0,3.0,0.0,0.0,0.0,0.0,0.0,1.0,0.0,2.0,0.0,7.0,1.0,1.0,0.0,2.0,0.0,0.0,0.0,1.0,0.0,0.0,0.0,2.0,4.0,0.0,0.0,6.0,2.0,1.0,5.0,3.0,0.0,0.0,1.0,1.0,3.0,0.0,0.0,0.0,1.0,1.0,0.0,0.0,0.0,1.0,0.0,1.0,0.0,0.0,0.0,0.0,2.0,0.0,0.0,2.0,0.0,0.0,0.0,0.0,5.0,0.0,1.0,0.0,3.0,0.0,0.0,0.0,2.0,1.0,0.0,225.0,27.0,78.0,56.0,249.0,57.0,46.0,108.0,154.0,3.0,28.0,141.0,62.0,134.0,166.0,38.0,3.0,152.0,161.0,220.0,62.0,18.0,40.0,1.0,50.0,2.0,499.0,4.571142284569138,22.681818181818183,103.68181818181819,2885.0,76.0,2281.0,4.0,514.0,600.0,289.0,210.0,o_obfuscation.txt
27,14.0,0.0,6.0,1.0,0.0,0.0,4.0,0.0,0.0,4.0,0.0,0.0,0.0,5.0,0.0,8.0,0.0,0.0,0.0,1.0,1.0,0.0,1.0,0.0,7.0,2.0,8.0,0.0,1.0,3.0,0.0,0.0,16.0,0.0,3.0,3.0,0.0,3.0,0.0,0.0,12.0,0.0,0.0,1.0,0.0,0.0,22.0,0.0,1.0,0.0,0.0,0.0,0.0,0.0,10.0,0.0,6.0,1.0,0.0,0.0,1.0,0.0,4.0,1.0,0.0,0.0,0.0,0.0,0.0,0.0,5.0,0.0,0.0,0.0,0.0,2.0,2.0,0.0,0.0,0.0,0.0,0.0,1.0,0.0,3.0,1.0,3.0,0.0,2.0,0.0,4.0,0.0,1.0,0.0,0.0,0.0,0.0,0.0,3.0,2.0,0.0,1.0,0.0,6.0,0.0,0.0,10.0,1.0,0.0,2.0,1.0,0.0,0.0,0.0,3.0,0.0,0.0,1.0,0.0,0.0,0.0,0.0,0.0,0.0,0.0,0.0,0.0,0.0,0.0,0.0,0.0,0.0,0.0,0.0,5.0,0.0,0.0,1.0,0.0,15.0,0.0,0.0,0.0,6.0,0.0,2.0,0.0,5.0,3.0,0.0,131.0,28.0,49.0,49.0,276.0,44.0,66.0,119.0,146.0,3.0,18.0,110.0,40.0,116.0,154.0,32.0,1.0,129.0,129.0,213.0,63.0,18.0,36.0,1.0,57.0,1.0,506.0,4.009881422924901,9.92156862745098,39.78431372549019,2684.0,61.0,2029.0,2.0,527.0,653.0,352.0,154.0,p_obfuscation.txt
28,14.0,0.0,14.0,0.0,1.0,0.0,3.0,0.0,0.0,1.0,0.0,0.0,0.0,3.0,0.0,19.0,0.0,0.0,2.0,2.0,0.0,1.0,1.0,0.0,3.0,0.0,2.0,4.0,0.0,2.0,0.0,0.0,4.0,0.0,1.0,1.0,1.0,1.0,0.0,1.0,4.0,0.0,0.0,2.0,0.0,0.0,24.0,4.0,2.0,1.0,0.0,0.0,2.0,0.0,13.0,0.0,1.0,5.0,2.0,0.0,0.0,0.0,0.0,0.0,0.0,1.0,1.0,0.0,0.0,0.0,2.0,0.0,0.0,0.0,2.0,0.0,1.0,1.0,0.0,1.0,2.0,0.0,0.0,0.0,0.0,0.0,0.0,0.0,0.0,0.0,0.0,1.0,1.0,0.0,1.0,0.0,1.0,0.0,0.0,0.0,0.0,0.0,0.0,6.0,1.0,0.0,11.0,2.0,3.0,5.0,12.0,0.0,0.0,0.0,0.0,2.0,0.0,2.0,0.0,0.0,0.0,0.0,0.0,1.0,0.0,0.0,0.0,5.0,0.0,3.0,0.0,3.0,1.0,1.0,0.0,0.0,0.0,0.0,0.0,16.0,1.0,0.0,1.0,0.0,0.0,0.0,0.0,2.0,0.0,0.0,170.0,30.0,43.0,109.0,218.0,54.0,46.0,134.0,125.0,1.0,14.0,75.0,61.0,129.0,199.0,25.0,2.0,136.0,124.0,171.0,51.0,23.0,45.0,6.0,49.0,2.0,489.0,4.175869120654396,16.3,68.06666666666666,2632.0,82.0,2042.0,11.0,504.0,579.0,319.0,170.0,pp_obfuscation.txt
29,9.0,0.0,8.0,0.0,1.0,0.0,2.0,0.0,0.0,0.0,0.0,0.0,0.0,5.0,0.0,3.0,0.0,3.0,1.0,2.0,0.0,0.0,1.0,0.0,7.0,2.0,1.0,2.0,0.0,0.0,0.0,0.0,7.0,1.0,0.0,1.0,0.0,1.0,1.0,0.0,9.0,0.0,0.0,1.0,0.0,0.0,18.0,2.0,0.0,0.0,0.0,0.0,2.0,3.0,14.0,2.0,6.0,3.0,3.0,0.0,0.0,1.0,0.0,0.0,0.0,2.0,3.0,2.0,1.0,1.0,7.0,0.0,0.0,0.0,0.0,1.0,1.0,2.0,0.0,1.0,2.0,0.0,0.0,0.0,1.0,0.0,0.0,0.0,1.0,0.0,4.0,1.0,0.0,1.0,1.0,0.0,2.0,0.0,6.0,0.0,1.0,1.0,1.0,3.0,0.0,0.0,16.0,5.0,3.0,4.0,6.0,0.0,0.0,0.0,2.0,3.0,0.0,0.0,0.0,0.0,1.0,2.0,0.0,0.0,0.0,0.0,3.0,0.0,0.0,0.0,0.0,0.0,0.0,0.0,1.0,0.0,0.0,0.0,0.0,21.0,0.0,2.0,0.0,4.0,0.0,0.0,0.0,0.0,4.0,0.0,158.0,37.0,50.0,71.0,264.0,29.0,62.0,121.0,132.0,2.0,31.0,106.0,54.0,135.0,164.0,34.0,2.0,109.0,96.0,169.0,53.0,26.0,38.0,3.0,51.0,0.0,479.0,4.16910229645094,19.16,79.88,2536.0,41.0,1997.0,3.0,489.0,536.0,322.0,157.0,q_obfuscation.txt
30,15.0,0.0,7.0,0.0,3.0,0.0,1.0,1.0,0.0,0.0,0.0,0.0,0.0,2.0,0.0,18.0,0.0,0.0,0.0,1.0,0.0,0.0,0.0,0.0,4.0,1.0,16.0,3.0,0.0,0.0,0.0,0.0,4.0,1.0,0.0,0.0,0.0,0.0,0.0,3.0,5.0,0.0,0.0,0.0,0.0,0.0,27.0,0.0,1.0,0.0,0.0,0.0,1.0,0.0,20.0,0.0,5.0,4.0,2.0,1.0,1.0,0.0,0.0,0.0,1.0,7.0,0.0,0.0,0.0,0.0,0.0,0.0,0.0,0.0,3.0,1.0,1.0,0.0,0.0,0.0,0.0,1.0,0.0,0.0,0.0,0.0,2.0,1.0,0.0,0.0,6.0,2.0,0.0,0.0,0.0,0.0,2.0,0.0,1.0,0.0,0.0,0.0,3.0,2.0,1.0,0.0,9.0,4.0,3.0,5.0,2.0,0.0,0.0,0.0,1.0,2.0,0.0,0.0,0.0,0.0,0.0,0.0,0.0,0.0,0.0,0.0,0.0,0.0,0.0,0.0,0.0,1.0,0.0,0.0,0.0,0.0,0.0,0.0,0.0,4.0,0.0,1.0,0.0,3.0,0.0,0.0,0.0,1.0,0.0,0.0,198.0,32.0,75.0,63.0,266.0,55.0,65.0,124.0,199.0,4.0,15.0,117.0,60.0,175.0,176.0,57.0,2.0,141.0,176.0,190.0,55.0,18.0,33.0,11.0,36.0,3.0,493.0,4.760649087221095,19.72,93.84,2920.0,73.0,2346.0,2.0,502.0,571.0,272.0,221.0,qq_obfuscation.txt
31,8.0,0.0,6.0,0.0,1.0,0.0,0.0,0.0,0.0,1.0,0.0,0.0,0.0,4.0,0.0,6.0,0.0,0.0,0.0,1.0,0.0,1.0,1.0,0.0,2.0,1.0,5.0,3.0,0.0,1.0,0.0,0.0,7.0,1.0,0.0,0.0,0.0,1.0,4.0,3.0,4.0,0.0,0.0,0.0,0.0,0.0,28.0,3.0,0.0,0.0,0.0,0.0,1.0,0.0,26.0,0.0,1.0,1.0,0.0,0.0,0.0,1.0,1.0,0.0,0.0,0.0,0.0,0.0,0.0,2.0,9.0,0.0,0.0,0.0,0.0,0.0,2.0,0.0,0.0,0.0,1.0,1.0,1.0,0.0,0.0,0.0,1.0,0.0,2.0,0.0,9.0,0.0,0.0,0.0,0.0,0.0,0.0,0.0,3.0,0.0,0.0,0.0,0.0,1.0,0.0,0.0,17.0,2.0,4.0,0.0,2.0,0.0,0.0,0.0,3.0,3.0,0.0,0.0,0.0,0.0,0.0,0.0,1.0,0.0,0.0,2.0,0.0,0.0,3.0,0.0,1.0,2.0,0.0,0.0,8.0,1.0,0.0,0.0,0.0,6.0,0.0,0.0,0.0,6.0,0.0,2.0,1.0,12.0,4.0,2.0,144.0,31.0,45.0,70.0,247.0,19.0,31.0,102.0,97.0,2.0,27.0,67.0,48.0,131.0,170.0,49.0,0.0,112.0,125.0,186.0,65.0,20.0,37.0,3.0,55.0,5.0,481.0,3.9251559251559254,21.863636363636363,85.81818181818181,2402.0,30.0,1888.0,1.0,485.0,513.0,337.0,144.0,r_obfuscation.txt
32,9.0,1.0,10.0,0.0,0.0,0.0,1.0,0.0,0.0,0.0,0.0,0.0,0.0,2.0,0.0,8.0,0.0,0.0,0.0,0.0,2.0,1.0,0.0,0.0,3.0,2.0,16.0,1.0,0.0,3.0,0.0,0.0,2.0,0.0,1.0,2.0,1.0,2.0,0.0,3.0,4.0,0.0,0.0,0.0,0.0,0.0,26.0,0.0,2.0,0.0,0.0,0.0,7.0,3.0,25.0,0.0,2.0,2.0,0.0,0.0,0.0,0.0,1.0,1.0,0.0,0.0,0.0,1.0,0.0,1.0,3.0,0.0,0.0,0.0,0.0,0.0,1.0,1.0,0.0,2.0,1.0,1.0,0.0,0.0,0.0,0.0,0.0,0.0,0.0,0.0,6.0,0.0,1.0,0.0,1.0,1.0,0.0,0.0,0.0,0.0,0.0,0.0,3.0,2.0,0.0,0.0,10.0,6.0,0.0,0.0,16.0,0.0,0.0,0.0,2.0,1.0,0.0,0.0,0.0,0.0,6.0,0.0,0.0,0.0,0.0,1.0,0.0,0.0,1.0,0.0,0.0,6.0,0.0,0.0,4.0,0.0,0.0,0.0,0.0,1.0,1.0,0.0,0.0,3.0,0.0,0.0,0.0,3.0,0.0,0.0,160.0,55.0,58.0,112.0,275.0,36.0,68.0,146.0,168.0,4.0,12.0,96.0,50.0,157.0,194.0,27.0,1.0,138.0,125.0,184.0,66.0,24.0,55.0,2.0,61.0,0.0,482.0,4.717842323651452,16.620689655172413,78.41379310344827,2815.0,36.0,2274.0,2.0,491.0,539.0,280.0,202.0,rr_obfuscation.txt
33,6.0,0.0,6.0,0.0,3.0,0.0,1.0,0.0,0.0,0.0,0.0,1.0,0.0,7.0,0.0,8.0,0.0,2.0,1.0,0.0,0.0,0.0,0.0,0.0,5.0,4.0,17.0,5.0,0.0,1.0,0.0,0.0,13.0,0.0,1.0,0.0,1.0,0.0,1.0,1.0,4.0,0.0,0.0,1.0,0.0,0.0,14.0,2.0,0.0,0.0,0.0,0.0,8.0,2.0,13.0,0.0,2.0,2.0,2.0,0.0,0.0,0.0,0.0,0.0,1.0,1.0,0.0,0.0,1.0,1.0,11.0,0.0,0.0,0.0,0.0,0.0,0.0,1.0,0.0,0.0,1.0,3.0,0.0,0.0,1.0,0.0,1.0,0.0,0.0,0.0,8.0,0.0,1.0,0.0,1.0,0.0,1.0,0.0,1.0,0.0,0.0,0.0,0.0,4.0,0.0,0.0,17.0,0.0,4.0,1.0,11.0,0.0,0.0,0.0,3.0,7.0,0.0,0.0,0.0,0.0,8.0,2.0,0.0,0.0,0.0,0.0,0.0,2.0,0.0,1.0,0.0,0.0,0.0,0.0,1.0,0.0,0.0,0.0,0.0,14.0,0.0,1.0,1.0,3.0,0.0,3.0,0.0,4.0,1.0,2.0,159.0,33.0,40.0,60.0,265.0,32.0,40.0,109.0,138.0,4.0,21.0,92.0,61.0,119.0,157.0,28.0,0.0,104.0,128.0,189.0,56.0,21.0,28.0,2.0,64.0,1.0,482.0,4.047717842323651,18.53846153846154,75.03846153846153,2483.0,45.0,1951.0,1.0,492.0,531.0,323.0,159.0,s_obfuscation.txt
34,16.0,0.0,19.0,0.0,1.0,0.0,0.0,0.0,0.0,0.0,0.0,1.0,0.0,1.0,0.0,13.0,1.0,0.0,0.0,1.0,0.0,0.0,0.0,0.0,7.0,2.0,15.0,5.0,0.0,8.0,0.0,0.0,15.0,2.0,0.0,1.0,1.0,0.0,0.0,5.0,4.0,0.0,0.0,2.0,0.0,0.0,33.0,0.0,2.0,0.0,0.0,0.0,0.0,1.0,4.0,0.0,6.0,0.0,1.0,0.0,0.0,0.0,0.0,0.0,0.0,0.0,0.0,0.0,0.0,0.0,3.0,1.0,0.0,0.0,0.0,1.0,0.0,1.0,0.0,0.0,2.0,0.0,1.0,0.0,0.0,0.0,0.0,0.0,3.0,0.0,8.0,0.0,2.0,0.0,0.0,0.0,1.0,0.0,0.0,0.0,0.0,0.0,0.0,1.0,0.0,0.0,19.0,0.0,2.0,0.0,12.0,0.0,0.0,0.0,1.0,3.0,0.0,0.0,0.0,0.0,6.0,3.0,0.0,0.0,0.0,0.0,0.0,0.0,0.0,0.0,0.0,2.0,0.0,0.0,0.0,0.0,0.0,0.0,0.0,23.0,0.0,0.0,0.0,0.0,0.0,0.0,0.0,5.0,2.0,0.0,142.0,26.0,48.0,54.0,263.0,38.0,31.0,111.0,152.0,5.0,34.0,94.0,50.0,105.0,175.0,39.0,0.0,97.0,130.0,181.0,50.0,25.0,38.0,1.0,41.0,0.0,502.0,3.8446215139442232,8.655172413793103,33.275862068965516,2503.0,73.0,1930.0,3.0,509.0,570.0,355.0,147.0,ss_obfuscation.txt
35,20.0,0.0,11.0,0.0,0.0,0.0,0.0,0.0,0.0,0.0,0.0,0.0,0.0,0.0,0.0,22.0,0.0,1.0,0.0,0.0,0.0,0.0,0.0,0.0,2.0,1.0,8.0,2.0,0.0,1.0,2.0,0.0,3.0,0.0,2.0,0.0,0.0,0.0,1.0,3.0,12.0,0.0,0.0,0.0,0.0,0.0,27.0,2.0,2.0,0.0,0.0,0.0,1.0,0.0,14.0,0.0,0.0,1.0,1.0,0.0,0.0,0.0,0.0,0.0,0.0,2.0,0.0,0.0,0.0,0.0,0.0,1.0,0.0,0.0,3.0,0.0,2.0,0.0,0.0,0.0,0.0,0.0,1.0,0.0,0.0,0.0,1.0,1.0,0.0,0.0,6.0,1.0,1.0,0.0,0.0,0.0,1.0,0.0,1.0,2.0,0.0,1.0,5.0,3.0,0.0,0.0,11.0,4.0,1.0,4.0,0.0,0.0,0.0,0.0,0.0,2.0,0.0,1.0,0.0,0.0,0.0,0.0,0.0,1.0,0.0,0.0,0.0,0.0,0.0,0.0,0.0,0.0,0.0,0.0,0.0,0.0,1.0,0.0,0.0,1.0,0.0,0.0,0.0,1.0,0.0,0.0,0.0,0.0,1.0,0.0,213.0,21.0,78.0,71.0,310.0,59.0,42.0,117.0,169.0,1.0,24.0,113.0,60.0,173.0,166.0,38.0,6.0,157.0,157.0,217.0,61.0,27.0,39.0,4.0,25.0,4.0,484.0,4.859504132231405,22.0,106.9090909090909,2922.0,70.0,2352.0,13.0,501.0,557.0,264.0,220.0,t_obfuscation.txt
36,13.0,0.0,7.0,0.0,0.0,0.0,2.0,1.0,0.0,0.0,0.0,0.0,0.0,1.0,0.0,13.0,1.0,0.0,1.0,0.0,1.0,0.0,1.0,0.0,3.0,4.0,11.0,3.0,0.0,1.0,0.0,0.0,5.0,0.0,1.0,0.0,1.0,2.0,0.0,1.0,2.0,0.0,0.0,2.0,0.0,0.0,31.0,1.0,2.0,0.0,0.0,0.0,5.0,1.0,13.0,0.0,3.0,1.0,5.0,0.0,0.0,1.0,2.0,3.0,0.0,2.0,0.0,0.0,0.0,0.0,11.0,1.0,0.0,0.0,0.0,0.0,0.0,4.0,0.0,0.0,3.0,1.0,0.0,0.0,0.0,0.0,0.0,0.0,1.0,0.0,8.0,1.0,2.0,0.0,1.0,0.0,2.0,0.0,1.0,0.0,0.0,0.0,7.0,3.0,0.0,0.0,13.0,6.0,1.0,1.0,11.0,0.0,0.0,0.0,3.0,2.0,1.0,0.0,0.0,0.0,4.0,0.0,1.0,0.0,0.0,0.0,0.0,0.0,0.0,2.0,0.0,2.0,1.0,0.0,0.0,0.0,0.0,0.0,0.0,14.0,0.0,0.0,0.0,1.0,0.0,1.0,0.0,2.0,2.0,0.0,165.0,29.0,51.0,61.0,235.0,43.0,47.0,131.0,132.0,2.0,27.0,78.0,54.0,132.0,180.0,48.0,4.0,133.0,120.0,196.0,63.0,11.0,50.0,0.0,54.0,2.0,492.0,4.162601626016261,16.4,68.26666666666667,2585.0,40.0,2048.0,0.0,496.0,537.0,316.0,176.0,tt_obfuscation.txt
37,16.0,1.0,10.0,0.0,1.0,0.0,1.0,0.0,0.0,0.0,0.0,0.0,0.0,6.0,0.0,17.0,1.0,0.0,0.0,0.0,0.0,0.0,0.0,0.0,3.0,0.0,11.0,4.0,0.0,0.0,0.0,0.0,4.0,0.0,1.0,0.0,0.0,2.0,0.0,1.0,6.0,0.0,1.0,0.0,0.0,0.0,36.0,1.0,2.0,0.0,0.0,0.0,3.0,0.0,12.0,0.0,2.0,4.0,0.0,0.0,0.0,0.0,0.0,0.0,0.0,0.0,0.0,1.0,0.0,0.0,5.0,0.0,0.0,0.0,4.0,0.0,2.0,2.0,1.0,1.0,1.0,1.0,1.0,0.0,0.0,0.0,2.0,0.0,1.0,0.0,17.0,2.0,2.0,0.0,0.0,0.0,1.0,0.0,1.0,0.0,0.0,0.0,7.0,5.0,0.0,0.0,14.0,3.0,2.0,2.0,0.0,0.0,0.0,0.0,3.0,2.0,0.0,3.0,0.0,0.0,0.0,0.0,1.0,0.0,0.0,0.0,0.0,0.0,0.0,0.0,1.0,0.0,0.0,0.0,0.0,0.0,1.0,0.0,0.0,0.0,0.0,0.0,1.0,5.0,0.0,1.0,0.0,1.0,1.0,0.0,226.0,40.0,82.0,70.0,291.0,46.0,37.0,116.0,153.0,2.0,16.0,103.0,69.0,142.0,180.0,60.0,2.0,155.0,170.0,227.0,72.0,11.0,26.0,2.0,54.0,3.0,509.0,4.626719056974459,19.576923076923077,90.57692307692308,2955.0,31.0,2355.0,4.0,516.0,596.0,303.0,206.0,u_obfuscation.txt
38,8.0,0.0,14.0,0.0,0.0,0.0,1.0,0.0,0.0,0.0,0.0,2.0,0.0,0.0,0.0,8.0,0.0,0.0,0.0,2.0,2.0,0.0,0.0,0.0,3.0,1.0,1.0,2.0,0.0,2.0,0.0,0.0,0.0,0.0,0.0,0.0,1.0,1.0,0.0,2.0,4.0,0.0,0.0,1.0,0.0,0.0,42.0,1.0,1.0,1.0,0.0,0.0,1.0,0.0,18.0,0.0,0.0,6.0,0.0,0.0,0.0,0.0,2.0,2.0,0.0,0.0,0.0,2.0,0.0,0.0,8.0,0.0,0.0,0.0,0.0,2.0,3.0,0.0,0.0,0.0,2.0,0.0,0.0,0.0,0.0,0.0,3.0,3.0,0.0,0.0,1.0,0.0,2.0,0.0,2.0,0.0,0.0,0.0,1.0,0.0,0.0,0.0,5.0,2.0,0.0,0.0,9.0,5.0,2.0,1.0,13.0,0.0,0.0,0.0,2.0,0.0,1.0,1.0,0.0,0.0,0.0,0.0,1.0,1.0,1.0,0.0,1.0,3.0,0.0,1.0,0.0,2.0,1.0,0.0,2.0,0.0,0.0,0.0,0.0,19.0,0.0,0.0,0.0,3.0,0.0,2.0,0.0,2.0,4.0,0.0,151.0,33.0,47.0,95.0,296.0,52.0,56.0,137.0,135.0,6.0,19.0,104.0,56.0,138.0,162.0,43.0,3.0,164.0,137.0,211.0,61.0,19.0,51.0,1.0,61.0,2.0,522.0,4.291187739463601,18.0,77.24137931034483,2852.0,39.0,2240.0,0.0,533.0,612.0,320.0,202.0,uu_obfuscation.txt
39,9.0,0.0,6.0,0.0,1.0,1.0,0.0,0.0,0.0,0.0,0.0,0.0,0.0,1.0,0.0,14.0,0.0,0.0,0.0,4.0,1.0,0.0,0.0,0.0,3.0,2.0,8.0,12.0,0.0,1.0,0.0,0.0,4.0,1.0,0.0,0.0,0.0,1.0,1.0,2.0,7.0,0.0,0.0,3.0,0.0,0.0,38.0,1.0,2.0,1.0,0.0,0.0,5.0,1.0,9.0,2.0,0.0,4.0,3.0,0.0,0.0,0.0,1.0,0.0,0.0,1.0,0.0,0.0,0.0,1.0,4.0,1.0,0.0,0.0,0.0,0.0,2.0,0.0,0.0,0.0,2.0,0.0,3.0,0.0,0.0,0.0,0.0,2.0,0.0,0.0,3.0,0.0,1.0,0.0,0.0,0.0,0.0,0.0,0.0,0.0,0.0,1.0,5.0,2.0,0.0,0.0,23.0,1.0,3.0,2.0,6.0,0.0,0.0,0.0,5.0,2.0,0.0,0.0,0.0,0.0,0.0,0.0,0.0,0.0,0.0,0.0,0.0,0.0,0.0,0.0,0.0,0.0,0.0,0.0,2.0,0.0,0.0,1.0,0.0,5.0,0.0,0.0,0.0,13.0,0.0,0.0,0.0,3.0,1.0,2.0,162.0,41.0,68.0,76.0,260.0,40.0,57.0,128.0,195.0,2.0,24.0,103.0,50.0,169.0,220.0,49.0,5.0,129.0,157.0,248.0,74.0,19.0,50.0,2.0,75.0,3.0,519.0,4.635838150289017,17.896551724137932,82.96551724137932,3020.0,46.0,2406.0,0.0,535.0,614.0,298.0,221.0,vv_obfuscation.txt
40,15.0,0.0,7.0,0.0,2.0,0.0,0.0,0.0,0.0,0.0,1.0,0.0,0.0,5.0,0.0,11.0,0.0,1.0,0.0,0.0,1.0,0.0,0.0,0.0,0.0,2.0,4.0,2.0,0.0,6.0,0.0,0.0,10.0,0.0,0.0,0.0,0.0,1.0,0.0,2.0,8.0,0.0,0.0,1.0,0.0,0.0,28.0,2.0,3.0,0.0,1.0,0.0,1.0,0.0,9.0,1.0,7.0,1.0,2.0,0.0,1.0,2.0,0.0,5.0,1.0,0.0,1.0,1.0,1.0,0.0,4.0,0.0,0.0,0.0,0.0,3.0,1.0,0.0,0.0,0.0,0.0,0.0,1.0,0.0,0.0,0.0,1.0,0.0,0.0,0.0,8.0,1.0,2.0,1.0,1.0,0.0,4.0,0.0,0.0,1.0,0.0,0.0,3.0,5.0,0.0,0.0,9.0,2.0,3.0,4.0,3.0,0.0,0.0,1.0,3.0,5.0,0.0,0.0,0.0,0.0,1.0,0.0,0.0,0.0,1.0,0.0,0.0,1.0,0.0,4.0,0.0,1.0,0.0,0.0,3.0,1.0,0.0,0.0,0.0,8.0,0.0,0.0,0.0,4.0,0.0,2.0,0.0,2.0,1.0,0.0,169.0,37.0,41.0,67.0,256.0,40.0,45.0,124.0,117.0,0.0,24.0,90.0,53.0,112.0,193.0,44.0,2.0,139.0,139.0,203.0,45.0,14.0,38.0,5.0,45.0,1.0,481.0,4.247401247401247,11.452380952380953,48.642857142857146,2596.0,51.0,2043.0,3.0,487.0,550.0,311.0,170.0,w_obfuscation.txt
41,7.0,0.0,5.0,0.0,1.0,0.0,0.0,0.0,0.0,3.0,0.0,1.0,0.0,6.0,0.0,9.0,0.0,2.0,0.0,0.0,2.0,0.0,0.0,0.0,7.0,2.0,4.0,8.0,0.0,1.0,0.0,0.0,21.0,0.0,0.0,3.0,0.0,1.0,0.0,0.0,11.0,0.0,0.0,3.0,0.0,0.0,34.0,2.0,1.0,1.0,0.0,0.0,1.0,4.0,15.0,0.0,12.0,3.0,2.0,0.0,0.0,0.0,0.0,0.0,1.0,0.0,1.0,0.0,0.0,0.0,8.0,0.0,0.0,0.0,0.0,0.0,2.0,1.0,1.0,0.0,1.0,0.0,0.0,0.0,1.0,2.0,0.0,0.0,0.0,0.0,2.0,0.0,1.0,0.0,3.0,0.0,2.0,0.0,0.0,0.0,0.0,0.0,0.0,4.0,0.0,0.0,6.0,5.0,0.0,1.0,0.0,0.0,0.0,0.0,1.0,0.0,2.0,2.0,0.0,1.0,0.0,0.0,1.0,0.0,0.0,0.0,0.0,0.0,0.0,0.0,0.0,0.0,0.0,0.0,3.0,0.0,0.0,0.0,0.0,7.0,0.0,1.0,0.0,18.0,0.0,1.0,0.0,0.0,2.0,3.0,117.0,25.0,28.0,73.0,270.0,37.0,55.0,130.0,136.0,6.0,36.0,86.0,25.0,135.0,159.0,28.0,2.0,118.0,118.0,214.0,69.0,20.0,58.0,3.0,51.0,0.0,489.0,4.087934560327199,13.583333333333334,55.52777777777778,2601.0,44.0,1999.0,0.0,493.0,602.0,344.0,145.0,ww_obfuscation.txt
42,14.0,0.0,8.0,0.0,1.0,0.0,2.0,0.0,0.0,0.0,0.0,0.0,0.0,3.0,0.0,8.0,0.0,0.0,1.0,1.0,0.0,1.0,0.0,0.0,4.0,4.0,8.0,5.0,0.0,0.0,0.0,0.0,5.0,0.0,1.0,1.0,0.0,5.0,0.0,6.0,5.0,0.0,0.0,2.0,0.0,1.0,28.0,0.0,1.0,0.0,0.0,0.0,1.0,4.0,25.0,0.0,3.0,2.0,0.0,0.0,1.0,1.0,3.0,0.0,0.0,1.0,0.0,0.0,1.0,0.0,6.0,1.0,0.0,0.0,3.0,2.0,1.0,1.0,0.0,2.0,0.0,0.0,0.0,0.0,1.0,0.0,1.0,0.0,1.0,0.0,13.0,0.0,1.0,0.0,1.0,0.0,1.0,0.0,1.0,1.0,0.0,0.0,0.0,2.0,0.0,0.0,19.0,1.0,4.0,3.0,4.0,0.0,0.0,0.0,1.0,2.0,0.0,0.0,1.0,0.0,2.0,2.0,1.0,0.0,0.0,0.0,0.0,0.0,0.0,0.0,0.0,1.0,0.0,0.0,3.0,0.0,0.0,0.0,0.0,2.0,0.0,0.0,0.0,5.0,0.0,1.0,0.0,7.0,0.0,0.0,170.0,37.0,39.0,92.0,269.0,30.0,51.0,123.0,115.0,1.0,20.0,99.0,43.0,144.0,230.0,34.0,0.0,144.0,119.0,196.0,50.0,16.0,38.0,2.0,58.0,0.0,505.0,4.198019801980198,19.423076923076923,81.53846153846153,2708.0,35.0,2120.0,9.0,519.0,579.0,324.0,181.0,x_obfuscation.txt
43,17.0,0.0,7.0,0.0,1.0,0.0,4.0,0.0,0.0,0.0,1.0,1.0,0.0,6.0,0.0,10.0,0.0,2.0,0.0,0.0,1.0,0.0,0.0,0.0,4.0,1.0,8.0,8.0,0.0,4.0,0.0,0.0,7.0,0.0,0.0,0.0,0.0,1.0,0.0,1.0,6.0,0.0,0.0,5.0,0.0,0.0,36.0,2.0,1.0,0.0,0.0,0.0,1.0,2.0,17.0,0.0,4.0,3.0,3.0,0.0,0.0,1.0,1.0,1.0,0.0,0.0,0.0,0.0,1.0,0.0,6.0,0.0,0.0,0.0,1.0,1.0,0.0,1.0,0.0,0.0,0.0,1.0,0.0,0.0,0.0,1.0,0.0,0.0,1.0,0.0,6.0,1.0,3.0,0.0,2.0,0.0,4.0,0.0,0.0,0.0,0.0,0.0,0.0,4.0,0.0,0.0,12.0,1.0,5.0,5.0,9.0,0.0,0.0,0.0,1.0,2.0,2.0,0.0,0.0,0.0,4.0,0.0,1.0,0.0,0.0,0.0,0.0,1.0,0.0,0.0,0.0,1.0,0.0,0.0,0.0,1.0,0.0,0.0,0.0,5.0,2.0,1.0,0.0,5.0,0.0,2.0,0.0,3.0,5.0,1.0,150.0,48.0,39.0,78.0,245.0,36.0,50.0,121.0,108.0,2.0,30.0,76.0,43.0,130.0,198.0,35.0,0.0,123.0,123.0,199.0,64.0,17.0,45.0,3.0,62.0,5.0,503.0,4.035785288270378,22.863636363636363,92.27272727272727,2610.0,31.0,2030.0,0.0,524.0,580.0,341.0,162.0,y_obfuscation.txt
44,15.0,0.0,8.0,0.0,2.0,0.0,0.0,0.0,0.0,0.0,0.0,0.0,0.0,2.0,1.0,5.0,0.0,1.0,0.0,0.0,2.0,0.0,1.0,0.0,1.0,2.0,10.0,9.0,1.0,2.0,0.0,0.0,5.0,3.0,1.0,0.0,0.0,0.0,1.0,1.0,9.0,0.0,0.0,2.0,0.0,0.0,21.0,1.0,0.0,0.0,0.0,0.0,0.0,1.0,12.0,0.0,3.0,2.0,0.0,0.0,0.0,0.0,2.0,0.0,1.0,2.0,1.0,1.0,0.0,0.0,0.0,1.0,0.0,0.0,0.0,1.0,4.0,0.0,2.0,0.0,4.0,1.0,1.0,0.0,1.0,0.0,0.0,1.0,2.0,0.0,5.0,0.0,0.0,0.0,0.0,0.0,2.0,0.0,0.0,0.0,1.0,2.0,2.0,4.0,0.0,0.0,11.0,4.0,2.0,1.0,6.0,0.0,0.0,0.0,2.0,2.0,0.0,0.0,0.0,0.0,3.0,17.0,0.0,0.0,0.0,0.0,0.0,1.0,1.0,0.0,0.0,2.0,1.0,1.0,2.0,0.0,0.0,0.0,0.0,9.0,0.0,1.0,0.0,4.0,0.0,2.0,0.0,2.0,0.0,0.0,149.0,36.0,42.0,60.0,246.0,25.0,39.0,137.0,143.0,2.0,36.0,93.0,59.0,138.0,165.0,41.0,1.0,115.0,135.0,168.0,49.0,24.0,45.0,5.0,38.0,0.0,481.0,4.139293139293139,12.025,49.775,2583.0,59.0,1991.0,4.0,499.0,588.0,302.0,179.0,z_obfuscation.txt
