,a,between,in,nor,some,upon,about,both,including,nothing,somebody,us,above,but,inside,of,someone,used,after,by,into,off,something,via,all,can,is,on,such,we,although,cos,it,once,than,what,am,do,its,one,that,whatever,among,down,latter,onto,the,when,an,each,less,opposite,their,where,and,either,like,or,them,whether,another,enough,little,our,these,which,any,every,lots,outside,they,while,anybody,everybody,many,over,this,who,anyone,everyone,me,own,those,whoever,anything,everything,more,past,though,whom,are,few,most,per,through,whose,around,following,much,plenty,till,will,as,for,must,plus,to,with,at,from,my,regarding,toward,within,be,have,near,same,towards,without,because,he,need,several,under,worth,before,her,neither,she,unless,would,behind,him,no,should,unlike,yes,below,i,nobody,since,until,you,beside,if,none,so,up,your,avg sentence length - words,avg sentence length - chars,char count,schar count,bword count,avg word length,sentence count,wuw ratio,fres,gfri,filename
0,11.0,0.0,3.0,0.0,0.0,0.0,1.0,0.0,0.0,0.0,0.0,0.0,0.0,6.0,0.0,17.0,0.0,5.0,0.0,2.0,1.0,0.0,0.0,0.0,0.0,3.0,10.0,2.0,0.0,0.0,0.0,0.0,5.0,0.0,2.0,3.0,0.0,0.0,0.0,1.0,4.0,0.0,0.0,0.0,0.0,0.0,36.0,2.0,0.0,0.0,0.0,0.0,4.0,0.0,9.0,0.0,0.0,4.0,2.0,0.0,0.0,0.0,0.0,0.0,1.0,1.0,0.0,2.0,0.0,0.0,3.0,0.0,0.0,0.0,4.0,4.0,7.0,0.0,0.0,0.0,0.0,0.0,0.0,0.0,0.0,0.0,3.0,0.0,0.0,0.0,4.0,1.0,1.0,0.0,1.0,0.0,0.0,0.0,2.0,0.0,0.0,1.0,0.0,3.0,0.0,0.0,22.0,2.0,2.0,4.0,0.0,0.0,0.0,0.0,8.0,2.0,0.0,0.0,0.0,0.0,1.0,0.0,1.0,1.0,0.0,0.0,0.0,0.0,0.0,0.0,0.0,4.0,0.0,0.0,1.0,0.0,0.0,0.0,0.0,0.0,0.0,1.0,0.0,0.0,0.0,3.0,0.0,0.0,2.0,0.0,20.958333333333332,100.875,2970.0,549.0,232.0,4.813121272365805,24.0,2.286363636363636,100.96229166666669,8.383333333333333,aa_obfuscation.txt
1,16.0,0.0,12.0,0.0,0.0,0.0,2.0,0.0,0.0,0.0,0.0,0.0,0.0,4.0,0.0,7.0,0.0,1.0,0.0,2.0,1.0,1.0,1.0,0.0,1.0,2.0,18.0,3.0,0.0,1.0,0.0,0.0,14.0,0.0,1.0,1.0,0.0,7.0,0.0,0.0,3.0,0.0,0.0,1.0,0.0,0.0,26.0,3.0,2.0,0.0,0.0,0.0,1.0,3.0,10.0,0.0,6.0,0.0,1.0,0.0,0.0,0.0,0.0,0.0,0.0,2.0,0.0,1.0,1.0,0.0,5.0,0.0,0.0,0.0,0.0,0.0,0.0,2.0,0.0,0.0,2.0,0.0,0.0,0.0,0.0,0.0,1.0,1.0,1.0,0.0,7.0,0.0,2.0,0.0,0.0,0.0,1.0,0.0,0.0,0.0,0.0,0.0,0.0,4.0,0.0,0.0,22.0,1.0,0.0,2.0,6.0,0.0,0.0,0.0,2.0,4.0,1.0,0.0,0.0,0.0,3.0,0.0,0.0,0.0,0.0,0.0,0.0,0.0,0.0,0.0,0.0,2.0,0.0,0.0,0.0,1.0,0.0,0.0,0.0,7.0,0.0,1.0,0.0,13.0,0.0,3.0,0.0,3.0,0.0,0.0,12.81578947368421,50.078947368421055,2486.0,579.0,154.0,3.9075975359342916,38.0,2.5364583333333335,109.22697368421055,5.126315789473685,b_obfuscation.txt
2,16.0,0.0,15.0,0.0,2.0,0.0,1.0,1.0,0.0,0.0,0.0,0.0,1.0,3.0,0.0,9.0,0.0,0.0,0.0,3.0,1.0,0.0,0.0,0.0,2.0,0.0,0.0,4.0,0.0,8.0,1.0,0.0,4.0,1.0,1.0,0.0,0.0,0.0,1.0,2.0,5.0,0.0,0.0,2.0,0.0,0.0,37.0,2.0,1.0,0.0,0.0,0.0,0.0,0.0,19.0,0.0,1.0,4.0,0.0,0.0,0.0,0.0,0.0,3.0,0.0,0.0,1.0,1.0,0.0,0.0,2.0,0.0,0.0,0.0,1.0,0.0,0.0,0.0,0.0,1.0,0.0,0.0,1.0,0.0,2.0,0.0,2.0,0.0,0.0,0.0,0.0,1.0,1.0,0.0,0.0,0.0,0.0,0.0,1.0,0.0,0.0,0.0,2.0,2.0,0.0,0.0,10.0,9.0,2.0,3.0,5.0,0.0,0.0,0.0,0.0,0.0,0.0,1.0,0.0,1.0,0.0,2.0,0.0,0.0,0.0,0.0,0.0,0.0,0.0,0.0,0.0,2.0,0.0,0.0,3.0,0.0,0.0,0.0,0.0,5.0,0.0,0.0,0.0,6.0,0.0,2.0,0.0,0.0,2.0,0.0,16.366666666666667,67.83333333333333,2631.0,574.0,169.0,4.144602851323829,30.0,1.964,105.62283333333335,6.546666666666667,bb_obfuscation.txt
3,8.0,1.0,8.0,1.0,1.0,0.0,2.0,0.0,0.0,0.0,0.0,0.0,0.0,2.0,0.0,12.0,0.0,0.0,1.0,1.0,0.0,0.0,0.0,0.0,0.0,0.0,16.0,7.0,1.0,0.0,1.0,0.0,2.0,0.0,2.0,0.0,2.0,3.0,1.0,1.0,4.0,0.0,0.0,1.0,0.0,0.0,33.0,0.0,0.0,0.0,0.0,0.0,0.0,0.0,16.0,1.0,0.0,4.0,0.0,0.0,0.0,0.0,0.0,0.0,0.0,2.0,1.0,0.0,0.0,0.0,2.0,1.0,0.0,0.0,4.0,0.0,7.0,3.0,0.0,0.0,0.0,0.0,7.0,0.0,0.0,1.0,3.0,0.0,0.0,0.0,12.0,2.0,4.0,0.0,0.0,0.0,0.0,0.0,0.0,0.0,0.0,0.0,2.0,5.0,0.0,1.0,9.0,2.0,0.0,2.0,1.0,0.0,0.0,0.0,2.0,5.0,0.0,0.0,1.0,0.0,1.0,0.0,0.0,0.0,0.0,0.0,0.0,0.0,0.0,0.0,0.0,1.0,0.0,0.0,0.0,0.0,0.0,0.0,0.0,3.0,0.0,1.0,0.0,0.0,0.0,0.0,0.0,0.0,0.0,0.0,17.814814814814813,85.51851851851852,2894.0,564.0,224.0,4.8004158004158,27.0,2.0210084033613445,104.15296296296299,7.125925925925926,c_obfuscation.txt
4,12.0,0.0,10.0,0.0,1.0,0.0,0.0,0.0,0.0,0.0,0.0,0.0,0.0,5.0,0.0,13.0,0.0,0.0,1.0,0.0,0.0,0.0,0.0,0.0,4.0,3.0,13.0,2.0,1.0,0.0,0.0,0.0,7.0,1.0,0.0,0.0,0.0,1.0,0.0,1.0,4.0,0.0,0.0,0.0,0.0,0.0,19.0,2.0,1.0,0.0,0.0,0.0,2.0,2.0,15.0,1.0,4.0,5.0,0.0,0.0,0.0,0.0,0.0,0.0,0.0,1.0,0.0,0.0,3.0,3.0,5.0,0.0,0.0,0.0,7.0,1.0,0.0,0.0,0.0,3.0,1.0,1.0,0.0,0.0,1.0,2.0,0.0,0.0,1.0,0.0,10.0,0.0,3.0,0.0,0.0,0.0,1.0,0.0,1.0,0.0,0.0,2.0,0.0,2.0,0.0,0.0,10.0,4.0,5.0,2.0,17.0,0.0,0.0,0.0,0.0,4.0,1.0,0.0,0.0,0.0,5.0,0.0,4.0,0.0,0.0,0.0,0.0,0.0,0.0,0.0,0.0,0.0,0.0,0.0,0.0,1.0,0.0,0.0,0.0,15.0,0.0,0.0,0.0,11.0,0.0,2.0,0.0,2.0,3.0,0.0,12.76923076923077,55.30769230769231,2730.0,573.0,173.0,4.331325301204819,39.0,2.3055555555555554,109.2742307692308,5.107692307692308,cc_obfuscation.txt
5,25.0,0.0,9.0,0.0,1.0,0.0,1.0,0.0,0.0,0.0,0.0,1.0,0.0,4.0,0.0,13.0,0.0,0.0,0.0,0.0,1.0,0.0,0.0,0.0,1.0,1.0,6.0,4.0,0.0,5.0,0.0,0.0,12.0,0.0,1.0,0.0,0.0,0.0,0.0,2.0,8.0,0.0,0.0,4.0,0.0,0.0,28.0,1.0,2.0,0.0,0.0,0.0,0.0,1.0,18.0,0.0,1.0,2.0,1.0,0.0,0.0,1.0,0.0,0.0,0.0,0.0,5.0,0.0,0.0,0.0,0.0,0.0,0.0,0.0,0.0,1.0,0.0,0.0,0.0,0.0,0.0,1.0,1.0,0.0,2.0,0.0,1.0,0.0,1.0,0.0,1.0,0.0,0.0,0.0,0.0,0.0,0.0,0.0,2.0,0.0,0.0,0.0,2.0,2.0,0.0,0.0,9.0,2.0,3.0,0.0,5.0,0.0,0.0,0.0,0.0,0.0,0.0,1.0,0.0,1.0,6.0,4.0,0.0,0.0,0.0,0.0,0.0,0.0,0.0,0.0,0.0,0.0,0.0,0.0,0.0,0.0,0.0,0.0,0.0,14.0,0.0,2.0,0.0,9.0,0.0,3.0,0.0,1.0,8.0,0.0,21.25,83.70833333333333,2577.0,568.0,158.0,3.93921568627451,24.0,2.361111111111111,100.66625000000002,8.5,d_obfuscation.txt
6,18.0,0.0,11.0,0.0,3.0,0.0,1.0,0.0,0.0,0.0,0.0,1.0,0.0,2.0,0.0,16.0,0.0,0.0,0.0,1.0,0.0,1.0,0.0,0.0,3.0,3.0,8.0,5.0,0.0,2.0,2.0,0.0,7.0,0.0,1.0,0.0,1.0,1.0,0.0,4.0,14.0,0.0,1.0,1.0,0.0,0.0,18.0,1.0,2.0,0.0,0.0,0.0,1.0,1.0,4.0,0.0,0.0,0.0,0.0,0.0,0.0,0.0,0.0,0.0,0.0,0.0,0.0,0.0,0.0,1.0,1.0,0.0,0.0,0.0,7.0,0.0,1.0,2.0,1.0,0.0,3.0,1.0,0.0,0.0,0.0,0.0,1.0,0.0,1.0,0.0,6.0,1.0,1.0,0.0,0.0,0.0,0.0,0.0,1.0,1.0,0.0,0.0,2.0,7.0,0.0,0.0,13.0,7.0,2.0,2.0,2.0,0.0,0.0,1.0,2.0,3.0,0.0,2.0,0.0,1.0,3.0,0.0,2.0,0.0,0.0,0.0,0.0,0.0,0.0,0.0,0.0,1.0,0.0,0.0,2.0,0.0,0.0,0.0,0.0,17.0,0.0,0.0,0.0,2.0,0.0,2.0,0.0,5.0,7.0,3.0,18.185185185185187,77.18518518518519,2657.0,573.0,176.0,4.244399185336049,27.0,2.0982905982905984,103.77703703703705,7.2740740740740755,dd_obfuscation.txt
7,9.0,0.0,17.0,0.0,2.0,0.0,0.0,0.0,2.0,0.0,0.0,1.0,1.0,3.0,0.0,21.0,0.0,0.0,2.0,2.0,1.0,0.0,0.0,0.0,2.0,2.0,15.0,1.0,0.0,4.0,0.0,0.0,5.0,0.0,0.0,0.0,1.0,0.0,0.0,3.0,2.0,0.0,0.0,0.0,0.0,0.0,34.0,0.0,1.0,0.0,0.0,0.0,0.0,0.0,12.0,0.0,0.0,0.0,1.0,0.0,0.0,1.0,0.0,0.0,1.0,5.0,0.0,0.0,0.0,0.0,1.0,1.0,0.0,0.0,4.0,0.0,2.0,0.0,0.0,0.0,1.0,0.0,0.0,0.0,0.0,0.0,0.0,0.0,2.0,0.0,4.0,0.0,2.0,0.0,0.0,0.0,0.0,0.0,2.0,0.0,0.0,0.0,7.0,5.0,0.0,0.0,6.0,1.0,1.0,3.0,3.0,0.0,0.0,1.0,1.0,2.0,0.0,1.0,0.0,0.0,2.0,0.0,0.0,0.0,0.0,0.0,0.0,0.0,0.0,0.0,0.0,0.0,0.0,0.0,0.0,0.0,0.0,0.0,0.0,5.0,0.0,0.0,0.0,3.0,0.0,0.0,0.0,1.0,0.0,0.0,18.307692307692307,84.38461538461539,2791.0,591.0,191.0,4.609243697478991,26.0,2.0517241379310347,103.65269230769232,7.323076923076923,e_obfuscation.txt
8,15.0,0.0,10.0,0.0,0.0,0.0,2.0,0.0,0.0,0.0,0.0,1.0,0.0,2.0,0.0,6.0,0.0,4.0,0.0,2.0,1.0,0.0,1.0,0.0,3.0,2.0,21.0,4.0,0.0,14.0,0.0,0.0,12.0,0.0,0.0,0.0,0.0,1.0,0.0,2.0,10.0,0.0,0.0,2.0,0.0,0.0,21.0,0.0,1.0,1.0,0.0,0.0,0.0,4.0,22.0,0.0,0.0,1.0,0.0,0.0,1.0,0.0,0.0,0.0,0.0,0.0,0.0,1.0,1.0,0.0,0.0,0.0,0.0,0.0,4.0,0.0,2.0,1.0,0.0,1.0,0.0,0.0,0.0,0.0,0.0,1.0,0.0,0.0,0.0,0.0,6.0,0.0,0.0,0.0,0.0,0.0,0.0,0.0,0.0,0.0,0.0,0.0,2.0,1.0,0.0,0.0,13.0,4.0,0.0,0.0,6.0,0.0,0.0,0.0,3.0,3.0,0.0,0.0,0.0,0.0,1.0,1.0,0.0,0.0,0.0,0.0,0.0,0.0,0.0,0.0,0.0,3.0,0.0,1.0,0.0,2.0,0.0,0.0,0.0,16.0,0.0,0.0,0.0,6.0,0.0,1.0,0.0,4.0,3.0,0.0,12.333333333333334,47.35897435897436,2388.0,541.0,143.0,3.8399168399168397,39.0,2.544973544973545,109.71666666666667,4.933333333333334,f_obfuscation.txt
9,15.0,0.0,4.0,0.0,6.0,0.0,2.0,0.0,0.0,0.0,0.0,0.0,0.0,2.0,0.0,10.0,0.0,1.0,0.0,2.0,0.0,0.0,0.0,0.0,3.0,3.0,4.0,2.0,0.0,7.0,0.0,0.0,6.0,1.0,1.0,2.0,0.0,2.0,0.0,4.0,13.0,0.0,0.0,1.0,0.0,0.0,20.0,3.0,1.0,0.0,0.0,0.0,1.0,0.0,12.0,0.0,0.0,2.0,2.0,0.0,0.0,0.0,2.0,1.0,3.0,0.0,1.0,1.0,0.0,0.0,4.0,1.0,0.0,3.0,0.0,2.0,3.0,1.0,0.0,0.0,1.0,0.0,2.0,0.0,0.0,1.0,1.0,0.0,2.0,0.0,3.0,0.0,0.0,0.0,0.0,0.0,5.0,0.0,2.0,0.0,0.0,0.0,2.0,14.0,0.0,0.0,17.0,6.0,2.0,1.0,2.0,0.0,0.0,0.0,2.0,0.0,0.0,0.0,0.0,0.0,0.0,1.0,0.0,0.0,0.0,0.0,0.0,1.0,0.0,2.0,1.0,1.0,0.0,0.0,0.0,0.0,0.0,0.0,0.0,7.0,0.0,1.0,0.0,18.0,0.0,2.0,0.0,4.0,3.0,1.0,14.527777777777779,58.111111111111114,2739.0,647.0,161.0,4.0,36.0,2.003831417624521,22.88930555555558,5.811111111111112,ff_obfuscation.txt
10,6.0,0.0,10.0,0.0,4.0,0.0,0.0,0.0,0.0,0.0,0.0,0.0,0.0,2.0,0.0,8.0,0.0,0.0,2.0,0.0,0.0,1.0,0.0,0.0,3.0,2.0,15.0,6.0,0.0,0.0,0.0,0.0,10.0,0.0,0.0,4.0,0.0,3.0,0.0,2.0,10.0,0.0,0.0,0.0,0.0,1.0,44.0,11.0,0.0,5.0,0.0,0.0,2.0,1.0,7.0,0.0,2.0,0.0,0.0,0.0,1.0,1.0,2.0,0.0,0.0,0.0,0.0,0.0,0.0,0.0,4.0,1.0,0.0,0.0,3.0,0.0,0.0,1.0,0.0,0.0,1.0,0.0,0.0,0.0,0.0,0.0,0.0,0.0,0.0,0.0,20.0,0.0,0.0,0.0,0.0,0.0,0.0,0.0,0.0,0.0,0.0,2.0,0.0,1.0,0.0,0.0,5.0,2.0,1.0,0.0,8.0,0.0,0.0,0.0,1.0,0.0,0.0,0.0,0.0,0.0,0.0,1.0,0.0,0.0,0.0,0.0,0.0,0.0,0.0,0.0,0.0,5.0,0.0,0.0,1.0,0.0,0.0,0.0,0.0,11.0,0.0,0.0,0.0,4.0,0.0,0.0,0.0,0.0,0.0,0.0,8.31578947368421,34.08771929824562,2540.0,597.0,158.0,4.09915611814346,57.0,3.1184210526315788,113.79447368421054,3.3263157894736843,g_obfuscation.txt
11,9.0,0.0,8.0,0.0,8.0,0.0,1.0,1.0,0.0,0.0,0.0,0.0,0.0,4.0,0.0,18.0,0.0,0.0,1.0,3.0,0.0,0.0,0.0,0.0,0.0,0.0,10.0,6.0,0.0,1.0,0.0,0.0,0.0,0.0,1.0,1.0,2.0,1.0,1.0,3.0,11.0,0.0,0.0,2.0,0.0,0.0,28.0,0.0,2.0,0.0,0.0,0.0,3.0,0.0,13.0,0.0,2.0,3.0,3.0,0.0,0.0,0.0,0.0,1.0,2.0,2.0,0.0,0.0,0.0,0.0,14.0,1.0,0.0,0.0,9.0,1.0,3.0,0.0,0.0,0.0,0.0,0.0,2.0,0.0,0.0,0.0,1.0,0.0,0.0,0.0,12.0,0.0,1.0,0.0,0.0,0.0,1.0,0.0,0.0,0.0,0.0,1.0,1.0,1.0,0.0,0.0,8.0,3.0,6.0,2.0,5.0,0.0,0.0,0.0,1.0,3.0,0.0,0.0,0.0,0.0,0.0,0.0,0.0,1.0,0.0,0.0,1.0,0.0,0.0,0.0,0.0,0.0,0.0,0.0,2.0,0.0,0.0,0.0,0.0,6.0,0.0,0.0,0.0,0.0,0.0,1.0,1.0,1.0,1.0,0.0,12.384615384615385,55.12820512820513,2700.0,548.0,186.0,4.451345755693581,39.0,2.236111111111111,109.66461538461539,4.953846153846154,gg_obfuscation.txt
12,16.0,0.0,11.0,0.0,1.0,0.0,2.0,1.0,0.0,0.0,0.0,0.0,0.0,2.0,0.0,11.0,0.0,0.0,0.0,1.0,0.0,1.0,0.0,0.0,2.0,0.0,26.0,5.0,0.0,4.0,0.0,0.0,14.0,0.0,1.0,0.0,0.0,2.0,0.0,1.0,3.0,0.0,0.0,0.0,0.0,0.0,19.0,1.0,1.0,0.0,0.0,0.0,2.0,0.0,7.0,0.0,2.0,0.0,2.0,0.0,1.0,0.0,0.0,1.0,0.0,0.0,0.0,0.0,0.0,0.0,3.0,0.0,0.0,0.0,7.0,1.0,1.0,2.0,0.0,0.0,3.0,0.0,0.0,0.0,0.0,0.0,1.0,0.0,4.0,0.0,15.0,0.0,1.0,0.0,0.0,0.0,1.0,0.0,1.0,0.0,0.0,0.0,1.0,3.0,0.0,0.0,12.0,3.0,1.0,1.0,12.0,0.0,0.0,0.0,1.0,3.0,3.0,0.0,0.0,0.0,4.0,0.0,0.0,0.0,0.0,0.0,0.0,0.0,1.0,0.0,0.0,0.0,0.0,0.0,0.0,0.0,0.0,0.0,0.0,9.0,0.0,0.0,0.0,1.0,0.0,0.0,0.0,2.0,0.0,0.0,8.649122807017545,35.08771929824562,2630.0,625.0,167.0,4.056795131845842,57.0,2.2930232558139534,113.4561403508772,3.459649122807018,h_obfuscation.txt
13,20.0,1.0,13.0,0.0,0.0,0.0,0.0,0.0,0.0,0.0,0.0,0.0,0.0,0.0,1.0,8.0,0.0,0.0,0.0,1.0,2.0,0.0,0.0,0.0,0.0,0.0,8.0,5.0,0.0,5.0,0.0,0.0,6.0,0.0,0.0,1.0,2.0,0.0,0.0,0.0,5.0,0.0,0.0,1.0,0.0,0.0,30.0,3.0,0.0,0.0,0.0,0.0,3.0,1.0,17.0,0.0,2.0,0.0,1.0,0.0,0.0,0.0,0.0,1.0,0.0,1.0,0.0,1.0,0.0,0.0,3.0,0.0,0.0,0.0,0.0,1.0,0.0,1.0,0.0,0.0,3.0,0.0,1.0,0.0,0.0,0.0,0.0,0.0,0.0,0.0,1.0,0.0,3.0,0.0,0.0,0.0,1.0,0.0,1.0,0.0,0.0,1.0,1.0,2.0,0.0,0.0,10.0,5.0,3.0,0.0,15.0,0.0,0.0,0.0,1.0,1.0,0.0,0.0,0.0,0.0,0.0,0.0,0.0,0.0,0.0,0.0,0.0,0.0,0.0,0.0,0.0,5.0,0.0,0.0,1.0,0.0,0.0,0.0,0.0,16.0,0.0,0.0,0.0,2.0,0.0,0.0,0.0,0.0,1.0,0.0,9.714285714285714,40.59183673469388,2593.0,598.0,185.0,4.178571428571429,49.0,1.904,112.37500000000003,3.8857142857142857,hh_obfuscation.txt
14,11.0,0.0,15.0,0.0,1.0,0.0,0.0,0.0,0.0,0.0,0.0,0.0,0.0,1.0,0.0,15.0,0.0,0.0,0.0,1.0,1.0,0.0,0.0,0.0,1.0,6.0,21.0,2.0,0.0,1.0,0.0,0.0,16.0,0.0,0.0,0.0,1.0,1.0,0.0,2.0,2.0,0.0,0.0,0.0,0.0,0.0,27.0,1.0,2.0,0.0,0.0,0.0,3.0,0.0,15.0,0.0,2.0,1.0,0.0,0.0,0.0,0.0,0.0,1.0,0.0,0.0,0.0,0.0,0.0,0.0,6.0,0.0,0.0,0.0,1.0,0.0,0.0,2.0,1.0,1.0,5.0,0.0,0.0,0.0,1.0,0.0,0.0,0.0,1.0,0.0,9.0,0.0,0.0,0.0,0.0,0.0,0.0,0.0,2.0,1.0,0.0,1.0,2.0,2.0,0.0,0.0,10.0,2.0,4.0,3.0,15.0,0.0,0.0,0.0,3.0,5.0,0.0,2.0,0.0,0.0,2.0,0.0,0.0,0.0,0.0,0.0,0.0,1.0,0.0,0.0,0.0,0.0,0.0,0.0,0.0,0.0,1.0,0.0,0.0,14.0,0.0,0.0,1.0,2.0,0.0,0.0,0.0,5.0,0.0,0.0,11.604651162790697,48.18604651162791,2667.0,592.0,169.0,4.152304609218437,43.0,2.198237885462555,110.45627906976745,4.641860465116279,i_obfuscation.txt
15,9.0,0.0,16.0,0.0,5.0,0.0,2.0,0.0,0.0,0.0,0.0,1.0,0.0,4.0,0.0,13.0,0.0,1.0,0.0,4.0,5.0,0.0,0.0,0.0,3.0,1.0,2.0,8.0,0.0,2.0,0.0,0.0,9.0,2.0,0.0,0.0,0.0,0.0,0.0,2.0,8.0,0.0,0.0,2.0,0.0,0.0,30.0,2.0,0.0,1.0,0.0,0.0,13.0,1.0,14.0,1.0,2.0,9.0,4.0,0.0,1.0,0.0,2.0,2.0,0.0,1.0,0.0,1.0,0.0,1.0,4.0,0.0,0.0,0.0,4.0,0.0,1.0,1.0,1.0,1.0,1.0,0.0,0.0,0.0,0.0,0.0,0.0,0.0,1.0,0.0,9.0,1.0,2.0,0.0,1.0,0.0,1.0,0.0,1.0,0.0,0.0,1.0,3.0,1.0,0.0,0.0,9.0,1.0,1.0,2.0,6.0,0.0,0.0,0.0,4.0,6.0,2.0,1.0,0.0,0.0,1.0,0.0,0.0,0.0,0.0,0.0,0.0,1.0,0.0,0.0,0.0,1.0,0.0,0.0,0.0,0.0,0.0,0.0,0.0,11.0,0.0,1.0,0.0,0.0,0.0,0.0,0.0,3.0,2.0,0.0,18.74074074074074,81.51851851851852,2780.0,579.0,196.0,4.349802371541502,27.0,2.0403225806451615,103.21314814814818,7.496296296296297,ii_obfuscation.txt
16,12.0,0.0,8.0,0.0,1.0,0.0,2.0,1.0,0.0,0.0,0.0,0.0,0.0,5.0,0.0,8.0,0.0,1.0,0.0,1.0,1.0,0.0,1.0,0.0,1.0,0.0,1.0,2.0,0.0,2.0,0.0,0.0,5.0,0.0,0.0,5.0,0.0,3.0,0.0,2.0,6.0,1.0,0.0,4.0,0.0,0.0,13.0,2.0,1.0,0.0,0.0,0.0,1.0,0.0,17.0,1.0,0.0,2.0,6.0,0.0,0.0,1.0,3.0,1.0,0.0,0.0,0.0,0.0,0.0,1.0,11.0,0.0,0.0,0.0,0.0,0.0,1.0,0.0,1.0,0.0,9.0,0.0,1.0,0.0,0.0,2.0,1.0,0.0,2.0,0.0,2.0,2.0,0.0,0.0,1.0,0.0,1.0,0.0,3.0,0.0,0.0,0.0,0.0,3.0,1.0,0.0,28.0,0.0,2.0,0.0,11.0,0.0,0.0,0.0,1.0,3.0,0.0,0.0,0.0,0.0,1.0,0.0,0.0,0.0,0.0,0.0,2.0,0.0,0.0,0.0,0.0,2.0,0.0,0.0,1.0,0.0,0.0,0.0,0.0,35.0,0.0,0.0,0.0,4.0,0.0,0.0,0.0,7.0,6.0,1.0,21.52173913043478,79.47826086956522,2378.0,550.0,141.0,3.6929292929292927,23.0,2.270642201834862,100.39043478260871,8.608695652173912,j_obfuscation.txt
17,12.0,0.0,7.0,0.0,0.0,0.0,2.0,0.0,0.0,2.0,0.0,4.0,0.0,3.0,0.0,7.0,0.0,0.0,1.0,3.0,1.0,1.0,0.0,0.0,10.0,5.0,6.0,4.0,0.0,17.0,0.0,0.0,9.0,2.0,0.0,1.0,0.0,2.0,0.0,3.0,5.0,0.0,0.0,3.0,0.0,0.0,29.0,3.0,1.0,0.0,0.0,0.0,0.0,1.0,13.0,1.0,2.0,1.0,3.0,0.0,0.0,0.0,2.0,3.0,0.0,1.0,2.0,1.0,1.0,0.0,1.0,0.0,0.0,0.0,0.0,1.0,1.0,1.0,0.0,0.0,1.0,1.0,3.0,0.0,1.0,0.0,2.0,0.0,2.0,0.0,1.0,0.0,0.0,0.0,0.0,0.0,5.0,0.0,0.0,0.0,0.0,2.0,0.0,5.0,0.0,0.0,13.0,2.0,3.0,2.0,4.0,0.0,0.0,0.0,1.0,3.0,0.0,1.0,0.0,0.0,1.0,3.0,1.0,0.0,0.0,0.0,0.0,0.0,0.0,2.0,0.0,1.0,0.0,3.0,3.0,0.0,0.0,0.0,0.0,5.0,0.0,0.0,0.0,6.0,0.0,2.0,0.0,1.0,2.0,2.0,20.652173913043477,82.08695652173913,2435.0,544.0,148.0,3.9747368421052633,23.0,1.9,101.27304347826089,8.26086956521739,jj_obfuscation.txt
18,26.0,0.0,4.0,0.0,2.0,0.0,0.0,0.0,0.0,0.0,0.0,1.0,0.0,6.0,0.0,21.0,0.0,0.0,0.0,2.0,0.0,1.0,0.0,0.0,9.0,2.0,7.0,6.0,0.0,1.0,0.0,0.0,8.0,0.0,0.0,1.0,0.0,1.0,2.0,5.0,7.0,0.0,0.0,1.0,0.0,0.0,33.0,1.0,1.0,1.0,0.0,0.0,2.0,2.0,12.0,0.0,2.0,2.0,1.0,0.0,0.0,1.0,4.0,2.0,1.0,2.0,1.0,0.0,0.0,0.0,3.0,1.0,0.0,0.0,0.0,0.0,5.0,0.0,0.0,2.0,0.0,2.0,1.0,0.0,0.0,0.0,0.0,0.0,3.0,0.0,7.0,0.0,0.0,0.0,2.0,0.0,3.0,0.0,0.0,2.0,0.0,0.0,2.0,3.0,1.0,0.0,8.0,4.0,1.0,4.0,1.0,0.0,0.0,1.0,2.0,2.0,0.0,1.0,0.0,0.0,0.0,0.0,0.0,0.0,0.0,0.0,0.0,0.0,0.0,0.0,0.0,0.0,0.0,0.0,2.0,0.0,0.0,0.0,0.0,1.0,1.0,1.0,0.0,4.0,0.0,0.0,0.0,1.0,0.0,0.0,15.030303030303031,67.60606060606061,2829.0,592.0,203.0,4.497983870967742,33.0,1.984,106.97924242424244,6.012121212121213,k_obfuscation.txt
19,17.0,0.0,13.0,0.0,0.0,0.0,0.0,0.0,0.0,0.0,0.0,0.0,0.0,1.0,0.0,14.0,0.0,0.0,0.0,1.0,0.0,0.0,0.0,0.0,0.0,0.0,9.0,6.0,0.0,0.0,0.0,0.0,2.0,0.0,0.0,0.0,0.0,0.0,0.0,2.0,1.0,0.0,0.0,1.0,0.0,0.0,32.0,1.0,3.0,1.0,0.0,0.0,2.0,0.0,16.0,0.0,0.0,4.0,0.0,0.0,0.0,0.0,0.0,3.0,0.0,3.0,1.0,3.0,0.0,1.0,3.0,1.0,0.0,0.0,3.0,0.0,1.0,2.0,0.0,0.0,0.0,0.0,0.0,0.0,0.0,0.0,1.0,1.0,0.0,0.0,8.0,0.0,3.0,0.0,0.0,1.0,0.0,0.0,1.0,0.0,0.0,0.0,2.0,5.0,0.0,0.0,9.0,3.0,2.0,1.0,3.0,0.0,0.0,1.0,1.0,4.0,0.0,0.0,0.0,0.0,0.0,0.0,0.0,0.0,0.0,0.0,0.0,0.0,0.0,0.0,0.0,0.0,0.0,0.0,1.0,0.0,0.0,0.0,0.0,1.0,0.0,0.0,0.0,0.0,0.0,1.0,0.0,0.0,1.0,0.0,12.447368421052632,61.18421052631579,2926.0,589.0,222.0,4.915433403805497,38.0,1.7326007326007327,109.6009210526316,4.9789473684210535,kk_obfuscation.txt
20,14.0,0.0,4.0,0.0,2.0,0.0,1.0,0.0,0.0,0.0,0.0,0.0,0.0,5.0,0.0,11.0,0.0,1.0,0.0,0.0,0.0,1.0,0.0,0.0,6.0,1.0,12.0,5.0,0.0,5.0,0.0,0.0,8.0,1.0,0.0,0.0,0.0,1.0,0.0,2.0,4.0,0.0,0.0,7.0,0.0,0.0,37.0,5.0,0.0,1.0,0.0,0.0,3.0,0.0,26.0,0.0,3.0,1.0,3.0,0.0,0.0,1.0,0.0,0.0,0.0,1.0,0.0,0.0,0.0,0.0,2.0,0.0,0.0,0.0,1.0,1.0,1.0,5.0,0.0,0.0,0.0,4.0,1.0,0.0,0.0,1.0,0.0,0.0,0.0,0.0,4.0,1.0,1.0,0.0,2.0,1.0,2.0,0.0,0.0,0.0,0.0,0.0,0.0,1.0,0.0,0.0,13.0,3.0,1.0,2.0,14.0,0.0,1.0,0.0,0.0,2.0,0.0,2.0,0.0,0.0,1.0,2.0,0.0,1.0,0.0,0.0,1.0,2.0,0.0,6.0,0.0,1.0,0.0,0.0,0.0,0.0,0.0,0.0,0.0,9.0,0.0,0.0,1.0,0.0,0.0,0.0,1.0,1.0,3.0,0.0,17.03448275862069,67.17241379310344,2517.0,569.0,145.0,3.9433198380566803,29.0,2.375,104.94500000000002,6.813793103448276,l_obfuscation.txt
21,13.0,0.0,14.0,0.0,2.0,0.0,1.0,0.0,0.0,0.0,0.0,2.0,0.0,5.0,0.0,14.0,0.0,0.0,1.0,1.0,0.0,0.0,0.0,0.0,5.0,1.0,17.0,2.0,1.0,4.0,0.0,0.0,8.0,0.0,0.0,0.0,1.0,1.0,0.0,4.0,5.0,0.0,0.0,0.0,0.0,0.0,18.0,1.0,0.0,0.0,0.0,0.0,0.0,1.0,14.0,0.0,1.0,2.0,1.0,0.0,0.0,0.0,0.0,2.0,0.0,0.0,3.0,1.0,0.0,0.0,0.0,0.0,0.0,0.0,1.0,0.0,3.0,0.0,0.0,0.0,2.0,0.0,0.0,0.0,0.0,0.0,0.0,0.0,1.0,0.0,7.0,0.0,1.0,0.0,1.0,0.0,5.0,0.0,0.0,0.0,0.0,2.0,4.0,1.0,0.0,1.0,11.0,2.0,1.0,2.0,17.0,0.0,0.0,0.0,3.0,2.0,1.0,0.0,0.0,0.0,2.0,0.0,0.0,0.0,0.0,0.0,0.0,0.0,0.0,0.0,0.0,0.0,0.0,0.0,1.0,0.0,0.0,0.0,0.0,15.0,1.0,1.0,0.0,3.0,0.0,0.0,0.0,5.0,1.0,1.0,12.097560975609756,51.19512195121951,2686.0,587.0,172.0,4.231854838709677,41.0,2.0840336134453783,109.95597560975611,4.839024390243903,ll_obfuscation.txt
22,13.0,0.0,12.0,0.0,4.0,0.0,1.0,0.0,1.0,0.0,2.0,0.0,0.0,4.0,0.0,17.0,0.0,0.0,0.0,2.0,1.0,0.0,0.0,0.0,2.0,1.0,2.0,1.0,1.0,0.0,1.0,0.0,11.0,0.0,2.0,0.0,0.0,2.0,1.0,2.0,3.0,0.0,0.0,2.0,0.0,0.0,24.0,3.0,2.0,0.0,1.0,0.0,1.0,0.0,10.0,0.0,1.0,1.0,2.0,0.0,0.0,1.0,0.0,0.0,2.0,1.0,0.0,0.0,1.0,0.0,10.0,0.0,0.0,0.0,3.0,0.0,5.0,1.0,0.0,0.0,0.0,0.0,0.0,0.0,0.0,1.0,1.0,0.0,0.0,0.0,10.0,0.0,2.0,0.0,0.0,0.0,2.0,0.0,1.0,0.0,0.0,0.0,4.0,2.0,1.0,0.0,10.0,2.0,3.0,1.0,0.0,0.0,0.0,1.0,1.0,5.0,0.0,0.0,0.0,0.0,2.0,0.0,0.0,0.0,0.0,0.0,2.0,0.0,0.0,0.0,0.0,1.0,0.0,0.0,0.0,0.0,0.0,0.0,0.0,3.0,0.0,0.0,0.0,5.0,0.0,2.0,1.0,2.0,0.0,2.0,15.0,64.46875,2627.0,560.0,166.0,4.297916666666667,32.0,2.096069868995633,107.01000000000002,6.0,m_obfuscation.txt
23,11.0,0.0,2.0,0.0,1.0,0.0,2.0,0.0,0.0,0.0,0.0,0.0,0.0,4.0,0.0,12.0,0.0,0.0,0.0,2.0,0.0,0.0,0.0,0.0,4.0,3.0,8.0,3.0,0.0,3.0,0.0,0.0,8.0,0.0,0.0,0.0,0.0,2.0,7.0,3.0,17.0,1.0,0.0,0.0,0.0,0.0,20.0,1.0,0.0,0.0,0.0,0.0,2.0,4.0,15.0,0.0,7.0,3.0,1.0,0.0,0.0,1.0,0.0,0.0,0.0,1.0,0.0,0.0,0.0,0.0,1.0,2.0,0.0,0.0,3.0,0.0,11.0,0.0,0.0,0.0,0.0,0.0,0.0,0.0,0.0,0.0,0.0,0.0,2.0,0.0,4.0,0.0,0.0,0.0,0.0,0.0,5.0,0.0,1.0,0.0,0.0,0.0,2.0,0.0,0.0,0.0,14.0,2.0,1.0,2.0,3.0,0.0,0.0,0.0,2.0,7.0,0.0,0.0,0.0,0.0,5.0,0.0,2.0,0.0,0.0,0.0,0.0,0.0,0.0,0.0,0.0,1.0,0.0,0.0,0.0,0.0,0.0,0.0,0.0,24.0,0.0,0.0,0.0,1.0,0.0,1.0,0.0,6.0,0.0,0.0,18.846153846153847,73.73076923076923,2490.0,573.0,161.0,3.9122448979591837,26.0,2.5,103.10615384615386,7.538461538461539,mm_obfuscation.txt
24,12.0,0.0,6.0,0.0,0.0,0.0,1.0,0.0,0.0,0.0,0.0,0.0,0.0,3.0,0.0,13.0,0.0,0.0,2.0,2.0,1.0,1.0,1.0,0.0,3.0,1.0,0.0,6.0,0.0,0.0,0.0,0.0,4.0,0.0,1.0,0.0,0.0,0.0,0.0,0.0,7.0,0.0,0.0,2.0,0.0,0.0,38.0,0.0,1.0,2.0,0.0,0.0,3.0,1.0,14.0,0.0,1.0,3.0,1.0,0.0,0.0,0.0,4.0,1.0,1.0,0.0,4.0,2.0,0.0,0.0,7.0,0.0,0.0,0.0,0.0,1.0,3.0,2.0,0.0,0.0,1.0,0.0,0.0,0.0,1.0,0.0,0.0,0.0,0.0,0.0,0.0,2.0,1.0,0.0,0.0,0.0,4.0,0.0,1.0,0.0,0.0,0.0,2.0,3.0,1.0,0.0,8.0,4.0,0.0,2.0,0.0,0.0,0.0,0.0,3.0,3.0,0.0,0.0,0.0,0.0,0.0,0.0,0.0,0.0,0.0,0.0,0.0,1.0,0.0,0.0,0.0,5.0,1.0,0.0,2.0,0.0,0.0,0.0,0.0,6.0,0.0,0.0,0.0,8.0,0.0,4.0,1.0,0.0,3.0,1.0,17.428571428571427,77.03571428571429,2740.0,583.0,193.0,4.420081967213115,28.0,1.8841698841698842,104.54500000000002,6.9714285714285715,n_obfuscation.txt
25,28.0,0.0,9.0,0.0,1.0,0.0,1.0,0.0,0.0,0.0,0.0,0.0,0.0,6.0,0.0,9.0,0.0,3.0,1.0,1.0,0.0,0.0,0.0,0.0,4.0,1.0,11.0,4.0,0.0,5.0,0.0,0.0,11.0,0.0,0.0,0.0,0.0,1.0,0.0,3.0,9.0,0.0,0.0,5.0,0.0,0.0,17.0,0.0,0.0,0.0,0.0,0.0,1.0,1.0,7.0,0.0,2.0,1.0,4.0,0.0,0.0,0.0,5.0,0.0,0.0,0.0,1.0,0.0,0.0,0.0,4.0,0.0,0.0,0.0,1.0,0.0,1.0,0.0,1.0,1.0,1.0,0.0,0.0,0.0,0.0,0.0,3.0,0.0,3.0,0.0,8.0,1.0,2.0,0.0,0.0,0.0,0.0,0.0,0.0,0.0,0.0,0.0,4.0,1.0,0.0,0.0,8.0,2.0,0.0,6.0,12.0,0.0,0.0,0.0,4.0,5.0,0.0,0.0,0.0,0.0,5.0,2.0,0.0,1.0,0.0,0.0,0.0,1.0,0.0,5.0,0.0,2.0,0.0,0.0,0.0,0.0,0.0,0.0,0.0,21.0,0.0,1.0,0.0,2.0,0.0,1.0,0.0,2.0,2.0,0.0,10.91304347826087,43.0,2576.0,598.0,153.0,3.9402390438247012,46.0,2.3348837209302324,111.15826086956523,4.3652173913043475,nn_obfuscation.txt
26,16.0,0.0,9.0,0.0,1.0,0.0,1.0,0.0,0.0,0.0,0.0,0.0,0.0,2.0,0.0,19.0,0.0,0.0,0.0,1.0,0.0,2.0,0.0,0.0,3.0,2.0,16.0,2.0,0.0,1.0,1.0,0.0,9.0,1.0,1.0,3.0,0.0,2.0,1.0,4.0,13.0,0.0,0.0,0.0,0.0,0.0,20.0,1.0,1.0,0.0,0.0,0.0,0.0,1.0,15.0,0.0,4.0,4.0,1.0,0.0,1.0,0.0,1.0,0.0,0.0,0.0,0.0,0.0,1.0,0.0,0.0,1.0,0.0,0.0,2.0,1.0,3.0,0.0,0.0,0.0,3.0,0.0,0.0,0.0,0.0,0.0,1.0,0.0,2.0,0.0,7.0,1.0,1.0,0.0,2.0,0.0,0.0,0.0,1.0,0.0,0.0,0.0,2.0,4.0,0.0,0.0,6.0,2.0,1.0,5.0,3.0,0.0,0.0,1.0,1.0,3.0,0.0,0.0,0.0,1.0,1.0,0.0,0.0,0.0,1.0,0.0,1.0,0.0,0.0,0.0,0.0,2.0,0.0,0.0,2.0,0.0,0.0,0.0,0.0,5.0,0.0,1.0,0.0,3.0,0.0,0.0,0.0,2.0,1.0,0.0,22.681818181818183,103.68181818181819,2885.0,600.0,210.0,4.571142284569138,22.0,1.934108527131783,99.21295454545455,9.072727272727274,o_obfuscation.txt
27,14.0,0.0,6.0,1.0,0.0,0.0,4.0,0.0,0.0,4.0,0.0,0.0,0.0,5.0,0.0,8.0,0.0,0.0,0.0,1.0,1.0,0.0,1.0,0.0,7.0,2.0,8.0,0.0,1.0,3.0,0.0,0.0,16.0,0.0,3.0,3.0,0.0,3.0,0.0,0.0,12.0,0.0,0.0,1.0,0.0,0.0,22.0,0.0,1.0,0.0,0.0,0.0,0.0,0.0,10.0,0.0,6.0,1.0,0.0,0.0,1.0,0.0,4.0,1.0,0.0,0.0,0.0,0.0,0.0,0.0,5.0,0.0,0.0,0.0,0.0,2.0,2.0,0.0,0.0,0.0,0.0,0.0,1.0,0.0,3.0,1.0,3.0,0.0,2.0,0.0,4.0,0.0,1.0,0.0,0.0,0.0,0.0,0.0,3.0,2.0,0.0,1.0,0.0,6.0,0.0,0.0,10.0,1.0,0.0,2.0,1.0,0.0,0.0,0.0,3.0,0.0,0.0,1.0,0.0,0.0,0.0,0.0,0.0,0.0,0.0,0.0,0.0,0.0,0.0,0.0,0.0,0.0,0.0,0.0,5.0,0.0,0.0,1.0,0.0,15.0,0.0,0.0,0.0,6.0,0.0,2.0,0.0,5.0,3.0,0.0,9.92156862745098,39.78431372549019,2684.0,653.0,154.0,4.009881422924901,51.0,2.4926108374384235,112.16460784313728,3.9686274509803923,p_obfuscation.txt
28,14.0,0.0,14.0,0.0,1.0,0.0,3.0,0.0,0.0,1.0,0.0,0.0,0.0,3.0,0.0,19.0,0.0,0.0,2.0,2.0,0.0,1.0,1.0,0.0,3.0,0.0,2.0,4.0,0.0,2.0,0.0,0.0,4.0,0.0,1.0,1.0,1.0,1.0,0.0,1.0,4.0,0.0,0.0,2.0,0.0,0.0,24.0,4.0,2.0,1.0,0.0,0.0,2.0,0.0,13.0,0.0,1.0,5.0,2.0,0.0,0.0,0.0,0.0,0.0,0.0,1.0,1.0,0.0,0.0,0.0,2.0,0.0,0.0,0.0,2.0,0.0,1.0,1.0,0.0,1.0,2.0,0.0,0.0,0.0,0.0,0.0,0.0,0.0,0.0,0.0,0.0,1.0,1.0,0.0,1.0,0.0,1.0,0.0,0.0,0.0,0.0,0.0,0.0,6.0,1.0,0.0,11.0,2.0,3.0,5.0,12.0,0.0,0.0,0.0,0.0,2.0,0.0,2.0,0.0,0.0,0.0,0.0,0.0,1.0,0.0,0.0,0.0,5.0,0.0,3.0,0.0,3.0,1.0,1.0,0.0,0.0,0.0,0.0,0.0,16.0,1.0,0.0,1.0,0.0,0.0,0.0,0.0,2.0,0.0,0.0,16.3,68.06666666666666,2632.0,579.0,170.0,4.175869120654396,30.0,1.971774193548387,105.69050000000001,6.5200000000000005,pp_obfuscation.txt
29,9.0,0.0,8.0,0.0,1.0,0.0,2.0,0.0,0.0,0.0,0.0,0.0,0.0,5.0,0.0,3.0,0.0,3.0,1.0,2.0,0.0,0.0,1.0,0.0,7.0,2.0,1.0,2.0,0.0,0.0,0.0,0.0,7.0,1.0,0.0,1.0,0.0,1.0,1.0,0.0,9.0,0.0,0.0,1.0,0.0,0.0,18.0,2.0,0.0,0.0,0.0,0.0,2.0,3.0,14.0,2.0,6.0,3.0,3.0,0.0,0.0,1.0,0.0,0.0,0.0,2.0,3.0,2.0,1.0,1.0,7.0,0.0,0.0,0.0,0.0,1.0,1.0,2.0,0.0,1.0,2.0,0.0,0.0,0.0,1.0,0.0,0.0,0.0,1.0,0.0,4.0,1.0,0.0,1.0,1.0,0.0,2.0,0.0,6.0,0.0,1.0,1.0,1.0,3.0,0.0,0.0,16.0,5.0,3.0,4.0,6.0,0.0,0.0,0.0,2.0,3.0,0.0,0.0,0.0,0.0,1.0,2.0,0.0,0.0,0.0,0.0,3.0,0.0,0.0,0.0,0.0,0.0,0.0,0.0,1.0,0.0,0.0,0.0,0.0,21.0,0.0,2.0,0.0,4.0,0.0,0.0,0.0,0.0,4.0,0.0,19.16,79.88,2536.0,536.0,157.0,4.16910229645094,25.0,1.8784313725490196,102.78760000000003,7.664000000000001,q_obfuscation.txt
30,15.0,0.0,7.0,0.0,3.0,0.0,1.0,1.0,0.0,0.0,0.0,0.0,0.0,2.0,0.0,18.0,0.0,0.0,0.0,1.0,0.0,0.0,0.0,0.0,4.0,1.0,16.0,3.0,0.0,0.0,0.0,0.0,4.0,1.0,0.0,0.0,0.0,0.0,0.0,3.0,5.0,0.0,0.0,0.0,0.0,0.0,27.0,0.0,1.0,0.0,0.0,0.0,1.0,0.0,20.0,0.0,5.0,4.0,2.0,1.0,1.0,0.0,0.0,0.0,1.0,7.0,0.0,0.0,0.0,0.0,0.0,0.0,0.0,0.0,3.0,1.0,1.0,0.0,0.0,0.0,0.0,1.0,0.0,0.0,0.0,0.0,2.0,1.0,0.0,0.0,6.0,2.0,0.0,0.0,0.0,0.0,2.0,0.0,1.0,0.0,0.0,0.0,3.0,2.0,1.0,0.0,9.0,4.0,3.0,5.0,2.0,0.0,0.0,0.0,1.0,2.0,0.0,0.0,0.0,0.0,0.0,0.0,0.0,0.0,0.0,0.0,0.0,0.0,0.0,0.0,0.0,1.0,0.0,0.0,0.0,0.0,0.0,0.0,0.0,4.0,0.0,1.0,0.0,3.0,0.0,0.0,0.0,1.0,0.0,0.0,19.72,93.84,2920.0,571.0,221.0,4.760649087221095,25.0,2.012244897959184,102.21920000000003,7.888,qq_obfuscation.txt
31,8.0,0.0,6.0,0.0,1.0,0.0,0.0,0.0,0.0,1.0,0.0,0.0,0.0,4.0,0.0,6.0,0.0,0.0,0.0,1.0,0.0,1.0,1.0,0.0,2.0,1.0,5.0,3.0,0.0,1.0,0.0,0.0,7.0,1.0,0.0,0.0,0.0,1.0,4.0,3.0,4.0,0.0,0.0,0.0,0.0,0.0,28.0,3.0,0.0,0.0,0.0,0.0,1.0,0.0,26.0,0.0,1.0,1.0,0.0,0.0,0.0,1.0,1.0,0.0,0.0,0.0,0.0,0.0,0.0,2.0,9.0,0.0,0.0,0.0,0.0,0.0,2.0,0.0,0.0,0.0,1.0,1.0,1.0,0.0,0.0,0.0,1.0,0.0,2.0,0.0,9.0,0.0,0.0,0.0,0.0,0.0,0.0,0.0,3.0,0.0,0.0,0.0,0.0,1.0,0.0,0.0,17.0,2.0,4.0,0.0,2.0,0.0,0.0,0.0,3.0,3.0,0.0,0.0,0.0,0.0,0.0,0.0,1.0,0.0,0.0,2.0,0.0,0.0,3.0,0.0,1.0,2.0,0.0,0.0,8.0,1.0,0.0,0.0,0.0,6.0,0.0,0.0,0.0,6.0,0.0,2.0,1.0,12.0,4.0,2.0,21.863636363636363,85.81818181818181,2402.0,513.0,144.0,3.9251559251559254,22.0,2.046808510638298,100.04340909090911,8.745454545454546,r_obfuscation.txt
32,9.0,1.0,10.0,0.0,0.0,0.0,1.0,0.0,0.0,0.0,0.0,0.0,0.0,2.0,0.0,8.0,0.0,0.0,0.0,0.0,2.0,1.0,0.0,0.0,3.0,2.0,16.0,1.0,0.0,3.0,0.0,0.0,2.0,0.0,1.0,2.0,1.0,2.0,0.0,3.0,4.0,0.0,0.0,0.0,0.0,0.0,26.0,0.0,2.0,0.0,0.0,0.0,7.0,3.0,25.0,0.0,2.0,2.0,0.0,0.0,0.0,0.0,1.0,1.0,0.0,0.0,0.0,1.0,0.0,1.0,3.0,0.0,0.0,0.0,0.0,0.0,1.0,1.0,0.0,2.0,1.0,1.0,0.0,0.0,0.0,0.0,0.0,0.0,0.0,0.0,6.0,0.0,1.0,0.0,1.0,1.0,0.0,0.0,0.0,0.0,0.0,0.0,3.0,2.0,0.0,0.0,10.0,6.0,0.0,0.0,16.0,0.0,0.0,0.0,2.0,1.0,0.0,0.0,0.0,0.0,6.0,0.0,0.0,0.0,0.0,1.0,0.0,0.0,1.0,0.0,0.0,6.0,0.0,0.0,4.0,0.0,0.0,0.0,0.0,1.0,1.0,0.0,0.0,3.0,0.0,0.0,0.0,3.0,0.0,0.0,16.620689655172413,78.41379310344827,2815.0,539.0,202.0,4.717842323651452,29.0,1.9126984126984128,20.765000000000015,6.6482758620689655,rr_obfuscation.txt
33,6.0,0.0,6.0,0.0,3.0,0.0,1.0,0.0,0.0,0.0,0.0,1.0,0.0,7.0,0.0,8.0,0.0,2.0,1.0,0.0,0.0,0.0,0.0,0.0,5.0,4.0,17.0,5.0,0.0,1.0,0.0,0.0,13.0,0.0,1.0,0.0,1.0,0.0,1.0,1.0,4.0,0.0,0.0,1.0,0.0,0.0,14.0,2.0,0.0,0.0,0.0,0.0,8.0,2.0,13.0,0.0,2.0,2.0,2.0,0.0,0.0,0.0,0.0,0.0,1.0,1.0,0.0,0.0,1.0,1.0,11.0,0.0,0.0,0.0,0.0,0.0,0.0,1.0,0.0,0.0,1.0,3.0,0.0,0.0,1.0,0.0,1.0,0.0,0.0,0.0,8.0,0.0,1.0,0.0,1.0,0.0,1.0,0.0,1.0,0.0,0.0,0.0,0.0,4.0,0.0,0.0,17.0,0.0,4.0,1.0,11.0,0.0,0.0,0.0,3.0,7.0,0.0,0.0,0.0,0.0,8.0,2.0,0.0,0.0,0.0,0.0,0.0,2.0,0.0,1.0,0.0,0.0,0.0,0.0,1.0,0.0,0.0,0.0,0.0,14.0,0.0,1.0,1.0,3.0,0.0,3.0,0.0,4.0,1.0,2.0,18.53846153846154,75.03846153846153,2483.0,531.0,159.0,4.047717842323651,26.0,2.1327433628318584,103.41846153846154,7.415384615384617,s_obfuscation.txt
34,16.0,0.0,19.0,0.0,1.0,0.0,0.0,0.0,0.0,0.0,0.0,1.0,0.0,1.0,0.0,13.0,1.0,0.0,0.0,1.0,0.0,0.0,0.0,0.0,7.0,2.0,15.0,5.0,0.0,8.0,0.0,0.0,15.0,2.0,0.0,1.0,1.0,0.0,0.0,5.0,4.0,0.0,0.0,2.0,0.0,0.0,33.0,0.0,2.0,0.0,0.0,0.0,0.0,1.0,4.0,0.0,6.0,0.0,1.0,0.0,0.0,0.0,0.0,0.0,0.0,0.0,0.0,0.0,0.0,0.0,3.0,1.0,0.0,0.0,0.0,1.0,0.0,1.0,0.0,0.0,2.0,0.0,1.0,0.0,0.0,0.0,0.0,0.0,3.0,0.0,8.0,0.0,2.0,0.0,0.0,0.0,1.0,0.0,0.0,0.0,0.0,0.0,0.0,1.0,0.0,0.0,19.0,0.0,2.0,0.0,12.0,0.0,0.0,0.0,1.0,3.0,0.0,0.0,0.0,0.0,6.0,3.0,0.0,0.0,0.0,0.0,0.0,0.0,0.0,0.0,0.0,2.0,0.0,0.0,0.0,0.0,0.0,0.0,0.0,23.0,0.0,0.0,0.0,0.0,0.0,0.0,0.0,5.0,2.0,0.0,8.655172413793103,33.275862068965516,2503.0,570.0,147.0,3.8446215139442232,58.0,2.7282608695652173,113.45000000000002,3.4620689655172416,ss_obfuscation.txt
35,20.0,0.0,11.0,0.0,0.0,0.0,0.0,0.0,0.0,0.0,0.0,0.0,0.0,0.0,0.0,22.0,0.0,1.0,0.0,0.0,0.0,0.0,0.0,0.0,2.0,1.0,8.0,2.0,0.0,1.0,2.0,0.0,3.0,0.0,2.0,0.0,0.0,0.0,1.0,3.0,12.0,0.0,0.0,0.0,0.0,0.0,27.0,2.0,2.0,0.0,0.0,0.0,1.0,0.0,14.0,0.0,0.0,1.0,1.0,0.0,0.0,0.0,0.0,0.0,0.0,2.0,0.0,0.0,0.0,0.0,0.0,1.0,0.0,0.0,3.0,0.0,2.0,0.0,0.0,0.0,0.0,0.0,1.0,0.0,0.0,0.0,1.0,1.0,0.0,0.0,6.0,1.0,1.0,0.0,0.0,0.0,1.0,0.0,1.0,2.0,0.0,1.0,5.0,3.0,0.0,0.0,11.0,4.0,1.0,4.0,0.0,0.0,0.0,0.0,0.0,2.0,0.0,1.0,0.0,0.0,0.0,0.0,0.0,1.0,0.0,0.0,0.0,0.0,0.0,0.0,0.0,0.0,0.0,0.0,0.0,0.0,1.0,0.0,0.0,1.0,0.0,0.0,0.0,1.0,0.0,0.0,0.0,0.0,1.0,0.0,22.0,106.9090909090909,2922.0,557.0,220.0,4.859504132231405,22.0,1.8473282442748091,99.905,8.8,t_obfuscation.txt
36,13.0,0.0,7.0,0.0,0.0,0.0,2.0,1.0,0.0,0.0,0.0,0.0,0.0,1.0,0.0,13.0,1.0,0.0,1.0,0.0,1.0,0.0,1.0,0.0,3.0,4.0,11.0,3.0,0.0,1.0,0.0,0.0,5.0,0.0,1.0,0.0,1.0,2.0,0.0,1.0,2.0,0.0,0.0,2.0,0.0,0.0,31.0,1.0,2.0,0.0,0.0,0.0,5.0,1.0,13.0,0.0,3.0,1.0,5.0,0.0,0.0,1.0,2.0,3.0,0.0,2.0,0.0,0.0,0.0,0.0,11.0,1.0,0.0,0.0,0.0,0.0,0.0,4.0,0.0,0.0,3.0,1.0,0.0,0.0,0.0,0.0,0.0,0.0,1.0,0.0,8.0,1.0,2.0,0.0,1.0,0.0,2.0,0.0,1.0,0.0,0.0,0.0,7.0,3.0,0.0,0.0,13.0,6.0,1.0,1.0,11.0,0.0,0.0,0.0,3.0,2.0,1.0,0.0,0.0,0.0,4.0,0.0,1.0,0.0,0.0,0.0,0.0,0.0,0.0,2.0,0.0,2.0,1.0,0.0,0.0,0.0,0.0,0.0,0.0,14.0,0.0,0.0,0.0,1.0,0.0,1.0,0.0,2.0,2.0,0.0,16.4,68.26666666666667,2585.0,537.0,176.0,4.162601626016261,30.0,2.04149377593361,105.58900000000003,6.56,tt_obfuscation.txt
37,16.0,1.0,10.0,0.0,1.0,0.0,1.0,0.0,0.0,0.0,0.0,0.0,0.0,6.0,0.0,17.0,1.0,0.0,0.0,0.0,0.0,0.0,0.0,0.0,3.0,0.0,11.0,4.0,0.0,0.0,0.0,0.0,4.0,0.0,1.0,0.0,0.0,2.0,0.0,1.0,6.0,0.0,1.0,0.0,0.0,0.0,36.0,1.0,2.0,0.0,0.0,0.0,3.0,0.0,12.0,0.0,2.0,4.0,0.0,0.0,0.0,0.0,0.0,0.0,0.0,0.0,0.0,1.0,0.0,0.0,5.0,0.0,0.0,0.0,4.0,0.0,2.0,2.0,1.0,1.0,1.0,1.0,1.0,0.0,0.0,0.0,2.0,0.0,1.0,0.0,17.0,2.0,2.0,0.0,0.0,0.0,1.0,0.0,1.0,0.0,0.0,0.0,7.0,5.0,0.0,0.0,14.0,3.0,2.0,2.0,0.0,0.0,0.0,0.0,3.0,2.0,0.0,3.0,0.0,0.0,0.0,0.0,1.0,0.0,0.0,0.0,0.0,0.0,0.0,0.0,1.0,0.0,0.0,0.0,0.0,0.0,1.0,0.0,0.0,0.0,0.0,0.0,1.0,5.0,0.0,1.0,0.0,1.0,1.0,0.0,19.576923076923077,90.57692307692308,2955.0,596.0,206.0,4.626719056974459,26.0,1.9576923076923076,102.36442307692309,7.830769230769231,u_obfuscation.txt
38,8.0,0.0,14.0,0.0,0.0,0.0,1.0,0.0,0.0,0.0,0.0,2.0,0.0,0.0,0.0,8.0,0.0,0.0,0.0,2.0,2.0,0.0,0.0,0.0,3.0,1.0,1.0,2.0,0.0,2.0,0.0,0.0,0.0,0.0,0.0,0.0,1.0,1.0,0.0,2.0,4.0,0.0,0.0,1.0,0.0,0.0,42.0,1.0,1.0,1.0,0.0,0.0,1.0,0.0,18.0,0.0,0.0,6.0,0.0,0.0,0.0,0.0,2.0,2.0,0.0,0.0,0.0,2.0,0.0,0.0,8.0,0.0,0.0,0.0,0.0,2.0,3.0,0.0,0.0,0.0,2.0,0.0,0.0,0.0,0.0,0.0,3.0,3.0,0.0,0.0,1.0,0.0,2.0,0.0,2.0,0.0,0.0,0.0,1.0,0.0,0.0,0.0,5.0,2.0,0.0,0.0,9.0,5.0,2.0,1.0,13.0,0.0,0.0,0.0,2.0,0.0,1.0,1.0,0.0,0.0,0.0,0.0,1.0,1.0,1.0,0.0,1.0,3.0,0.0,1.0,0.0,2.0,1.0,0.0,2.0,0.0,0.0,0.0,0.0,19.0,0.0,0.0,0.0,3.0,0.0,2.0,0.0,2.0,4.0,0.0,18.0,77.24137931034483,2852.0,612.0,202.0,4.291187739463601,29.0,1.962406015037594,103.965,7.2,uu_obfuscation.txt
39,9.0,0.0,6.0,0.0,1.0,1.0,0.0,0.0,0.0,0.0,0.0,0.0,0.0,1.0,0.0,14.0,0.0,0.0,0.0,4.0,1.0,0.0,0.0,0.0,3.0,2.0,8.0,12.0,0.0,1.0,0.0,0.0,4.0,1.0,0.0,0.0,0.0,1.0,1.0,2.0,7.0,0.0,0.0,3.0,0.0,0.0,38.0,1.0,2.0,1.0,0.0,0.0,5.0,1.0,9.0,2.0,0.0,4.0,3.0,0.0,0.0,0.0,1.0,0.0,0.0,1.0,0.0,0.0,0.0,1.0,4.0,1.0,0.0,0.0,0.0,0.0,2.0,0.0,0.0,0.0,2.0,0.0,3.0,0.0,0.0,0.0,0.0,2.0,0.0,0.0,3.0,0.0,1.0,0.0,0.0,0.0,0.0,0.0,0.0,0.0,0.0,1.0,5.0,2.0,0.0,0.0,23.0,1.0,3.0,2.0,6.0,0.0,0.0,0.0,5.0,2.0,0.0,0.0,0.0,0.0,0.0,0.0,0.0,0.0,0.0,0.0,0.0,0.0,0.0,0.0,0.0,0.0,0.0,0.0,2.0,0.0,0.0,1.0,0.0,5.0,0.0,0.0,0.0,13.0,0.0,0.0,0.0,3.0,1.0,2.0,17.896551724137932,82.96551724137932,3020.0,614.0,221.0,4.635838150289017,29.0,1.8146853146853146,19.470000000000027,7.158620689655173,vv_obfuscation.txt
40,15.0,0.0,7.0,0.0,2.0,0.0,0.0,0.0,0.0,0.0,1.0,0.0,0.0,5.0,0.0,11.0,0.0,1.0,0.0,0.0,1.0,0.0,0.0,0.0,0.0,2.0,4.0,2.0,0.0,6.0,0.0,0.0,10.0,0.0,0.0,0.0,0.0,1.0,0.0,2.0,8.0,0.0,0.0,1.0,0.0,0.0,28.0,2.0,3.0,0.0,1.0,0.0,1.0,0.0,9.0,1.0,7.0,1.0,2.0,0.0,1.0,2.0,0.0,5.0,1.0,0.0,1.0,1.0,1.0,0.0,4.0,0.0,0.0,0.0,0.0,3.0,1.0,0.0,0.0,0.0,0.0,0.0,1.0,0.0,0.0,0.0,1.0,0.0,0.0,0.0,8.0,1.0,2.0,1.0,1.0,0.0,4.0,0.0,0.0,1.0,0.0,0.0,3.0,5.0,0.0,0.0,9.0,2.0,3.0,4.0,3.0,0.0,0.0,1.0,3.0,5.0,0.0,0.0,0.0,0.0,1.0,0.0,0.0,0.0,1.0,0.0,0.0,1.0,0.0,4.0,0.0,1.0,0.0,0.0,3.0,1.0,0.0,0.0,0.0,8.0,0.0,0.0,0.0,4.0,0.0,2.0,0.0,2.0,1.0,0.0,11.452380952380953,48.642857142857146,2596.0,550.0,170.0,4.247401247401247,42.0,1.987603305785124,110.61083333333335,4.5809523809523816,w_obfuscation.txt
41,7.0,0.0,5.0,0.0,1.0,0.0,0.0,0.0,0.0,3.0,0.0,1.0,0.0,6.0,0.0,9.0,0.0,2.0,0.0,0.0,2.0,0.0,0.0,0.0,7.0,2.0,4.0,8.0,0.0,1.0,0.0,0.0,21.0,0.0,0.0,3.0,0.0,1.0,0.0,0.0,11.0,0.0,0.0,3.0,0.0,0.0,34.0,2.0,1.0,1.0,0.0,0.0,1.0,4.0,15.0,0.0,12.0,3.0,2.0,0.0,0.0,0.0,0.0,0.0,1.0,0.0,1.0,0.0,0.0,0.0,8.0,0.0,0.0,0.0,0.0,0.0,2.0,1.0,1.0,0.0,1.0,0.0,0.0,0.0,1.0,2.0,0.0,0.0,0.0,0.0,2.0,0.0,1.0,0.0,3.0,0.0,2.0,0.0,0.0,0.0,0.0,0.0,0.0,4.0,0.0,0.0,6.0,5.0,0.0,1.0,0.0,0.0,0.0,0.0,1.0,0.0,2.0,2.0,0.0,1.0,0.0,0.0,1.0,0.0,0.0,0.0,0.0,0.0,0.0,0.0,0.0,0.0,0.0,0.0,3.0,0.0,0.0,0.0,0.0,7.0,0.0,1.0,0.0,18.0,0.0,1.0,0.0,0.0,2.0,3.0,13.583333333333334,55.52777777777778,2601.0,602.0,145.0,4.087934560327199,36.0,2.116883116883117,108.44791666666669,5.433333333333334,ww_obfuscation.txt
42,14.0,0.0,8.0,0.0,1.0,0.0,2.0,0.0,0.0,0.0,0.0,0.0,0.0,3.0,0.0,8.0,0.0,0.0,1.0,1.0,0.0,1.0,0.0,0.0,4.0,4.0,8.0,5.0,0.0,0.0,0.0,0.0,5.0,0.0,1.0,1.0,0.0,5.0,0.0,6.0,5.0,0.0,0.0,2.0,0.0,1.0,28.0,0.0,1.0,0.0,0.0,0.0,1.0,4.0,25.0,0.0,3.0,2.0,0.0,0.0,1.0,1.0,3.0,0.0,0.0,1.0,0.0,0.0,1.0,0.0,6.0,1.0,0.0,0.0,3.0,2.0,1.0,1.0,0.0,2.0,0.0,0.0,0.0,0.0,1.0,0.0,1.0,0.0,1.0,0.0,13.0,0.0,1.0,0.0,1.0,0.0,1.0,0.0,1.0,1.0,0.0,0.0,0.0,2.0,0.0,0.0,19.0,1.0,4.0,3.0,4.0,0.0,0.0,0.0,1.0,2.0,0.0,0.0,1.0,0.0,2.0,2.0,1.0,0.0,0.0,0.0,0.0,0.0,0.0,0.0,0.0,1.0,0.0,0.0,3.0,0.0,0.0,0.0,0.0,2.0,0.0,0.0,0.0,5.0,0.0,1.0,0.0,7.0,0.0,0.0,19.423076923076923,81.53846153846153,2708.0,579.0,181.0,4.198019801980198,26.0,2.167381974248927,102.52057692307693,7.76923076923077,x_obfuscation.txt
43,17.0,0.0,7.0,0.0,1.0,0.0,4.0,0.0,0.0,0.0,1.0,1.0,0.0,6.0,0.0,10.0,0.0,2.0,0.0,0.0,1.0,0.0,0.0,0.0,4.0,1.0,8.0,8.0,0.0,4.0,0.0,0.0,7.0,0.0,0.0,0.0,0.0,1.0,0.0,1.0,6.0,0.0,0.0,5.0,0.0,0.0,36.0,2.0,1.0,0.0,0.0,0.0,1.0,2.0,17.0,0.0,4.0,3.0,3.0,0.0,0.0,1.0,1.0,1.0,0.0,0.0,0.0,0.0,1.0,0.0,6.0,0.0,0.0,0.0,1.0,1.0,0.0,1.0,0.0,0.0,0.0,1.0,0.0,0.0,0.0,1.0,0.0,0.0,1.0,0.0,6.0,1.0,3.0,0.0,2.0,0.0,4.0,0.0,0.0,0.0,0.0,0.0,0.0,4.0,0.0,0.0,12.0,1.0,5.0,5.0,9.0,0.0,0.0,0.0,1.0,2.0,2.0,0.0,0.0,0.0,4.0,0.0,1.0,0.0,0.0,0.0,0.0,1.0,0.0,0.0,0.0,1.0,0.0,0.0,0.0,1.0,0.0,0.0,0.0,5.0,2.0,1.0,0.0,5.0,0.0,2.0,0.0,3.0,5.0,1.0,22.863636363636363,92.27272727272727,2610.0,580.0,162.0,4.035785288270378,22.0,2.2158590308370045,99.0284090909091,9.145454545454546,y_obfuscation.txt
44,15.0,0.0,8.0,0.0,2.0,0.0,0.0,0.0,0.0,0.0,0.0,0.0,0.0,2.0,1.0,5.0,0.0,1.0,0.0,0.0,2.0,0.0,1.0,0.0,1.0,2.0,10.0,9.0,1.0,2.0,0.0,0.0,5.0,3.0,1.0,0.0,0.0,0.0,1.0,1.0,9.0,0.0,0.0,2.0,0.0,0.0,21.0,1.0,0.0,0.0,0.0,0.0,0.0,1.0,12.0,0.0,3.0,2.0,0.0,0.0,0.0,0.0,2.0,0.0,1.0,2.0,1.0,1.0,0.0,0.0,0.0,1.0,0.0,0.0,0.0,1.0,4.0,0.0,2.0,0.0,4.0,1.0,1.0,0.0,1.0,0.0,0.0,1.0,2.0,0.0,5.0,0.0,0.0,0.0,0.0,0.0,2.0,0.0,0.0,0.0,1.0,2.0,2.0,4.0,0.0,0.0,11.0,4.0,2.0,1.0,6.0,0.0,0.0,0.0,2.0,2.0,0.0,0.0,0.0,0.0,3.0,17.0,0.0,0.0,0.0,0.0,0.0,1.0,1.0,0.0,0.0,2.0,1.0,1.0,2.0,0.0,0.0,0.0,0.0,9.0,0.0,1.0,0.0,4.0,0.0,2.0,0.0,2.0,0.0,0.0,12.025,49.775,2583.0,588.0,179.0,4.139293139293139,40.0,1.87890625,25.429625000000016,4.8100000000000005,z_obfuscation.txt
